visit,ts,app_state
aid_v1_425B6665-A7DF-4908-BF09-AE9A2AF33D3C.1602433194,1602290614,background
aid_v1_425B6665-A7DF-4908-BF09-AE9A2AF33D3C.1602433194,1602338072,background
aid_v1_425B6665-A7DF-4908-BF09-AE9A2AF33D3C.1602433194,1602358875,background
aid_v1_425B6665-A7DF-4908-BF09-AE9A2AF33D3C.1602433194,1602367445,background
aid_v1_425B6665-A7DF-4908-BF09-AE9A2AF33D3C.1602433194,1602367446,background
aid_v1_425B6665-A7DF-4908-BF09-AE9A2AF33D3C.1602433194,1602370882,background
aid_v1_425B6665-A7DF-4908-BF09-AE9A2AF33D3C.1602433194,1602370883,background
aid_v1_425B6665-A7DF-4908-BF09-AE9A2AF33D3C.1602433194,1602370884,background
aid_v1_425B6665-A7DF-4908-BF09-AE9A2AF33D3C.1602433194,1602433195,foreground
aid_v1_425B6665-A7DF-4908-BF09-AE9A2AF33D3C.1602433194,1602433196,foreground
did_v1_0132A8FD-3CCF-4D2B-966F-F187A7576937.1602480845,1602480846,background
did_v1_0132A8FD-3CCF-4D2B-966F-F187A7576937.1602480845,1602480846,foreground
did_v1_0132A8FD-3CCF-4D2B-966F-F187A7576937.1602480845,1602480847,background
did_v1_0132A8FD-3CCF-4D2B-966F-F187A7576937.1602480845,1602480847,foreground
did_v1_0132A8FD-3CCF-4D2B-966F-F187A7576937.1602480845,1602480849,foreground
did_v1_0132A8FD-3CCF-4D2B-966F-F187A7576937.1602480845,1602480851,foreground
did_v1_0132A8FD-3CCF-4D2B-966F-F187A7576937.1602480845,1602480852,foreground
did_v1_0132A8FD-3CCF-4D2B-966F-F187A7576937.1602480845,1602480852,background
did_v1_0132A8FD-3CCF-4D2B-966F-F187A7576937.1602480845,1602480853,foreground
did_v1_0132A8FD-3CCF-4D2B-966F-F187A7576937.1602480845,1602480854,background
did_v1_0132A8FD-3CCF-4D2B-966F-F187A7576937.1602480845,1602480860,background
did_v1_0132A8FD-3CCF-4D2B-966F-F187A7576937.1602480845,1602480861,background
did_v1_0132A8FD-3CCF-4D2B-966F-F187A7576937.1602480845,1602480862,background
did_v1_0132A8FD-3CCF-4D2B-966F-F187A7576937.1602480845,1602480931,background
did_v1_0132A8FD-3CCF-4D2B-966F-F187A7576937.1602480845,1602480931,foreground
did_v1_0132A8FD-3CCF-4D2B-966F-F187A7576937.1602480845,1602480938,foreground
did_v1_0132A8FD-3CCF-4D2B-966F-F187A7576937.1602480845,1602480939,background
did_v1_0132A8FD-3CCF-4D2B-966F-F187A7576937.1602480845,1602480939,foreground
did_v1_0132A8FD-3CCF-4D2B-966F-F187A7576937.1602480845,1602480941,background
did_v1_0132A8FD-3CCF-4D2B-966F-F187A7576937.1602480845,1602480942,background
did_v1_0132A8FD-3CCF-4D2B-966F-F187A7576937.1602480845,1602480944,background
did_v1_0132A8FD-3CCF-4D2B-966F-F187A7576937.1602480845,1602480944,foreground
did_v1_0132A8FD-3CCF-4D2B-966F-F187A7576937.1602480845,1602480946,background
did_v1_0132A8FD-3CCF-4D2B-966F-F187A7576937.1602480845,1602480949,foreground
did_v1_0132A8FD-3CCF-4D2B-966F-F187A7576937.1602480845,1602480949,background
did_v1_0132A8FD-3CCF-4D2B-966F-F187A7576937.1602480845,1602480957,background
did_v1_0132A8FD-3CCF-4D2B-966F-F187A7576937.1602480845,1602480958,foreground
did_v1_0132A8FD-3CCF-4D2B-966F-F187A7576937.1602480845,1602480960,foreground
did_v1_0132A8FD-3CCF-4D2B-966F-F187A7576937.1602480845,1602480960,background
did_v1_0132A8FD-3CCF-4D2B-966F-F187A7576937.1602480845,1602480967,foreground
did_v1_0132A8FD-3CCF-4D2B-966F-F187A7576937.1602480845,1602480971,background
did_v1_0132A8FD-3CCF-4D2B-966F-F187A7576937.1602480845,1602480972,foreground
did_v1_0132A8FD-3CCF-4D2B-966F-F187A7576937.1602480845,1602480974,foreground
did_v1_02376C94-AC0E-49CF-9DE3-14642BBF160C.1602424414,1602424415,background
did_v1_02376C94-AC0E-49CF-9DE3-14642BBF160C.1602424414,1602424415,
did_v1_02376C94-AC0E-49CF-9DE3-14642BBF160C.1602424414,1602424416,background
did_v1_02376C94-AC0E-49CF-9DE3-14642BBF160C.1602424414,1602424417,background
did_v1_02376C94-AC0E-49CF-9DE3-14642BBF160C.1602424414,1602424419,foreground
did_v1_02376C94-AC0E-49CF-9DE3-14642BBF160C.1602424414,1602424420,foreground
did_v1_02376C94-AC0E-49CF-9DE3-14642BBF160C.1602424414,1602424420,background
did_v1_02376C94-AC0E-49CF-9DE3-14642BBF160C.1602424414,1602424422,foreground
did_v1_02376C94-AC0E-49CF-9DE3-14642BBF160C.1602424414,1602424423,foreground
did_v1_02376C94-AC0E-49CF-9DE3-14642BBF160C.1602424414,1602424425,foreground
did_v1_02376C94-AC0E-49CF-9DE3-14642BBF160C.1602424414,1602424426,foreground
did_v1_02376C94-AC0E-49CF-9DE3-14642BBF160C.1602424414,1602424428,foreground
did_v1_02376C94-AC0E-49CF-9DE3-14642BBF160C.1602424414,1602424429,background
did_v1_02376C94-AC0E-49CF-9DE3-14642BBF160C.1602424414,1602424429,foreground
did_v1_02376C94-AC0E-49CF-9DE3-14642BBF160C.1602424414,1602424431,foreground
did_v1_02376C94-AC0E-49CF-9DE3-14642BBF160C.1602424414,1602424431,background
did_v1_02376C94-AC0E-49CF-9DE3-14642BBF160C.1602424414,1602424432,background
did_v1_02376C94-AC0E-49CF-9DE3-14642BBF160C.1602424414,1602424435,background
did_v1_03DE844A-98F4-402B-816D-AB91466F765A.1602465671,1602465672,foreground
did_v1_03DE844A-98F4-402B-816D-AB91466F765A.1602465671,1602465673,foreground
did_v1_03DE844A-98F4-402B-816D-AB91466F765A.1602465671,1602465674,foreground
did_v1_03DE844A-98F4-402B-816D-AB91466F765A.1602465671,1602465675,foreground
did_v1_03DE844A-98F4-402B-816D-AB91466F765A.1602465671,1602465679,foreground
did_v1_03DE844A-98F4-402B-816D-AB91466F765A.1602465671,1602465680,foreground
did_v1_03DE844A-98F4-402B-816D-AB91466F765A.1602465671,1602465681,foreground
did_v1_03DE844A-98F4-402B-816D-AB91466F765A.1602465671,1602465683,foreground
did_v1_03DE844A-98F4-402B-816D-AB91466F765A.1602465671,1602465684,foreground
did_v1_03DE844A-98F4-402B-816D-AB91466F765A.1602465671,1602465687,foreground
did_v1_03DE844A-98F4-402B-816D-AB91466F765A.1602465671,1602465689,foreground
did_v1_03DE844A-98F4-402B-816D-AB91466F765A.1602465671,1602465722,foreground
did_v1_03DE844A-98F4-402B-816D-AB91466F765A.1602465671,1602465749,foreground
did_v1_03DE844A-98F4-402B-816D-AB91466F765A.1602465671,1602465752,foreground
did_v1_03DE844A-98F4-402B-816D-AB91466F765A.1602465671,1602465782,foreground
did_v1_03DE844A-98F4-402B-816D-AB91466F765A.1602465671,1602465812,foreground
did_v1_03DE844A-98F4-402B-816D-AB91466F765A.1602465671,1602465842,foreground
did_v1_03DE844A-98F4-402B-816D-AB91466F765A.1602465671,1602465869,foreground
did_v1_03DE844A-98F4-402B-816D-AB91466F765A.1602465671,1602465872,foreground
did_v1_03DE844A-98F4-402B-816D-AB91466F765A.1602465671,1602465944,foreground
did_v1_03DE844A-98F4-402B-816D-AB91466F765A.1602465671,1602465947,foreground
did_v1_03DE844A-98F4-402B-816D-AB91466F765A.1602465671,1602465948,foreground
did_v1_03DE844A-98F4-402B-816D-AB91466F765A.1602465671,1602465949,foreground
did_v1_03DE844A-98F4-402B-816D-AB91466F765A.1602465671,1602465950,foreground
did_v1_03DE844A-98F4-402B-816D-AB91466F765A.1602465671,1602465957,foreground
did_v1_03DE844A-98F4-402B-816D-AB91466F765A.1602465671,1602465987,foreground
did_v1_03DE844A-98F4-402B-816D-AB91466F765A.1602465671,1602466017,foreground
did_v1_03DE844A-98F4-402B-816D-AB91466F765A.1602465671,1602466047,foreground
did_v1_03DE844A-98F4-402B-816D-AB91466F765A.1602465671,1602466057,foreground
did_v1_03DE844A-98F4-402B-816D-AB91466F765A.1602465671,1602466058,foreground
did_v1_03DE844A-98F4-402B-816D-AB91466F765A.1602465671,1602467048,foreground
did_v1_03DE844A-98F4-402B-816D-AB91466F765A.1602465671,1602467049,foreground
did_v1_03DE844A-98F4-402B-816D-AB91466F765A.1602465671,1602467050,foreground
did_v1_03DE844A-98F4-402B-816D-AB91466F765A.1602465671,1602467051,foreground
did_v1_03DE844A-98F4-402B-816D-AB91466F765A.1602465671,1602467052,foreground
did_v1_03DE844A-98F4-402B-816D-AB91466F765A.1602465671,1602467053,foreground
did_v1_03DE844A-98F4-402B-816D-AB91466F765A.1602465671,1602467055,foreground
did_v1_03DE844A-98F4-402B-816D-AB91466F765A.1602465671,1602467063,foreground
did_v1_03DE844A-98F4-402B-816D-AB91466F765A.1602465671,1602467068,foreground
did_v1_03DE844A-98F4-402B-816D-AB91466F765A.1602465671,1602467069,foreground
did_v1_03DE844A-98F4-402B-816D-AB91466F765A.1602465671,1602467074,foreground
did_v1_03DE844A-98F4-402B-816D-AB91466F765A.1602465671,1602467076,foreground
did_v1_03DE844A-98F4-402B-816D-AB91466F765A.1602465671,1602467080,foreground
did_v1_03DE844A-98F4-402B-816D-AB91466F765A.1602465671,1602467081,foreground
did_v1_03DE844A-98F4-402B-816D-AB91466F765A.1602465671,1602467120,foreground
did_v1_03DE844A-98F4-402B-816D-AB91466F765A.1602465671,1602467122,foreground
did_v1_03DE844A-98F4-402B-816D-AB91466F765A.1602465671,1602467123,foreground
did_v1_03DE844A-98F4-402B-816D-AB91466F765A.1602465671,1602467125,foreground
did_v1_03DE844A-98F4-402B-816D-AB91466F765A.1602465671,1602467129,foreground
did_v1_03DE844A-98F4-402B-816D-AB91466F765A.1602465671,1602467130,foreground
did_v1_03DE844A-98F4-402B-816D-AB91466F765A.1602465671,1602467137,foreground
did_v1_03DE844A-98F4-402B-816D-AB91466F765A.1602465671,1602467138,foreground
did_v1_03DE844A-98F4-402B-816D-AB91466F765A.1602465671,1602467141,foreground
did_v1_03DE844A-98F4-402B-816D-AB91466F765A.1602465671,1602467142,foreground
did_v1_063354CF-17BE-4678-96FC-C1B564F4DA35.1602394547,1602398778,
did_v1_063354CF-17BE-4678-96FC-C1B564F4DA35.1602402935,1602398779,
did_v1_063354CF-17BE-4678-96FC-C1B564F4DA35.1602402935,1602402936,
did_v1_063354CF-17BE-4678-96FC-C1B564F4DA35.1602402935,1602402937,
did_v1_063354CF-17BE-4678-96FC-C1B564F4DA35.1602402935,1602402942,
did_v1_063354CF-17BE-4678-96FC-C1B564F4DA35.1602402935,1602402943,
did_v1_063354CF-17BE-4678-96FC-C1B564F4DA35.1602402935,1602402945,
did_v1_063354CF-17BE-4678-96FC-C1B564F4DA35.1602402935,1602402947,
did_v1_063354CF-17BE-4678-96FC-C1B564F4DA35.1602402935,1602402949,
did_v1_063354CF-17BE-4678-96FC-C1B564F4DA35.1602402935,1602402950,
did_v1_063354CF-17BE-4678-96FC-C1B564F4DA35.1602402935,1602402958,
did_v1_063354CF-17BE-4678-96FC-C1B564F4DA35.1602402935,1602402959,
did_v1_063354CF-17BE-4678-96FC-C1B564F4DA35.1602402935,1602402962,
did_v1_063354CF-17BE-4678-96FC-C1B564F4DA35.1602402935,1602402963,
did_v1_063354CF-17BE-4678-96FC-C1B564F4DA35.1602402935,1602402971,
did_v1_063354CF-17BE-4678-96FC-C1B564F4DA35.1602402935,1602402988,
did_v1_063354CF-17BE-4678-96FC-C1B564F4DA35.1602402935,1602403011,
did_v1_063354CF-17BE-4678-96FC-C1B564F4DA35.1602402935,1602403041,
did_v1_063354CF-17BE-4678-96FC-C1B564F4DA35.1602402935,1602403048,
did_v1_063354CF-17BE-4678-96FC-C1B564F4DA35.1602402935,1602403071,
did_v1_063354CF-17BE-4678-96FC-C1B564F4DA35.1602402935,1602403101,
did_v1_063354CF-17BE-4678-96FC-C1B564F4DA35.1602402935,1602403131,
did_v1_063354CF-17BE-4678-96FC-C1B564F4DA35.1602402935,1602403132,
did_v1_063354CF-17BE-4678-96FC-C1B564F4DA35.1602402935,1602403155,
did_v1_063354CF-17BE-4678-96FC-C1B564F4DA35.1602402935,1602403168,
did_v1_063354CF-17BE-4678-96FC-C1B564F4DA35.1602402935,1602403180,
did_v1_063354CF-17BE-4678-96FC-C1B564F4DA35.1602402935,1602403181,
did_v1_063354CF-17BE-4678-96FC-C1B564F4DA35.1602402935,1602403182,
did_v1_063354CF-17BE-4678-96FC-C1B564F4DA35.1602402935,1602403183,
did_v1_063354CF-17BE-4678-96FC-C1B564F4DA35.1602402935,1602403184,
did_v1_063354CF-17BE-4678-96FC-C1B564F4DA35.1602402935,1602403247,
did_v1_063354CF-17BE-4678-96FC-C1B564F4DA35.1602402935,1602403248,
did_v1_063354CF-17BE-4678-96FC-C1B564F4DA35.1602402935,1602403249,
did_v1_063354CF-17BE-4678-96FC-C1B564F4DA35.1602402935,1602403250,
did_v1_063354CF-17BE-4678-96FC-C1B564F4DA35.1602402935,1602403251,
did_v1_063354CF-17BE-4678-96FC-C1B564F4DA35.1602402935,1602403253,
did_v1_063354CF-17BE-4678-96FC-C1B564F4DA35.1602402935,1602403254,
did_v1_063354CF-17BE-4678-96FC-C1B564F4DA35.1602402935,1602403257,
did_v1_063354CF-17BE-4678-96FC-C1B564F4DA35.1602402935,1602403258,
did_v1_063354CF-17BE-4678-96FC-C1B564F4DA35.1602402935,1602403259,
did_v1_063354CF-17BE-4678-96FC-C1B564F4DA35.1602402935,1602403260,
did_v1_063354CF-17BE-4678-96FC-C1B564F4DA35.1602402935,1602403293,
did_v1_063354CF-17BE-4678-96FC-C1B564F4DA35.1602402935,1602403320,
did_v1_063354CF-17BE-4678-96FC-C1B564F4DA35.1602402935,1602403323,
did_v1_063354CF-17BE-4678-96FC-C1B564F4DA35.1602402935,1602403353,
did_v1_063354CF-17BE-4678-96FC-C1B564F4DA35.1602402935,1602403383,
did_v1_063354CF-17BE-4678-96FC-C1B564F4DA35.1602402935,1602403413,
did_v1_063354CF-17BE-4678-96FC-C1B564F4DA35.1602402935,1602403443,
did_v1_063354CF-17BE-4678-96FC-C1B564F4DA35.1602402935,1602403473,
did_v1_063354CF-17BE-4678-96FC-C1B564F4DA35.1602402935,1602403474,
did_v1_063354CF-17BE-4678-96FC-C1B564F4DA35.1602402935,1602403492,
did_v1_063354CF-17BE-4678-96FC-C1B564F4DA35.1602402935,1602403502,
did_v1_063354CF-17BE-4678-96FC-C1B564F4DA35.1602402935,1602403517,
did_v1_063354CF-17BE-4678-96FC-C1B564F4DA35.1602402935,1602403518,
did_v1_063354CF-17BE-4678-96FC-C1B564F4DA35.1602402935,1602403534,
did_v1_063354CF-17BE-4678-96FC-C1B564F4DA35.1602402935,1602403536,
did_v1_063354CF-17BE-4678-96FC-C1B564F4DA35.1602402935,1602403542,
did_v1_063354CF-17BE-4678-96FC-C1B564F4DA35.1602402935,1602403582,
did_v1_063354CF-17BE-4678-96FC-C1B564F4DA35.1602402935,1602403614,
did_v1_063354CF-17BE-4678-96FC-C1B564F4DA35.1602402935,1602403617,
did_v1_063354CF-17BE-4678-96FC-C1B564F4DA35.1602402935,1602403652,
did_v1_063354CF-17BE-4678-96FC-C1B564F4DA35.1602402935,1602403655,
did_v1_063354CF-17BE-4678-96FC-C1B564F4DA35.1602402935,1602403656,
did_v1_063354CF-17BE-4678-96FC-C1B564F4DA35.1602402935,1602403657,
did_v1_063354CF-17BE-4678-96FC-C1B564F4DA35.1602402935,1602403690,
did_v1_063354CF-17BE-4678-96FC-C1B564F4DA35.1602402935,1602403720,
did_v1_063354CF-17BE-4678-96FC-C1B564F4DA35.1602402935,1602403752,
did_v1_063354CF-17BE-4678-96FC-C1B564F4DA35.1602402935,1602403780,
did_v1_063354CF-17BE-4678-96FC-C1B564F4DA35.1602411036,1602411037,
did_v1_063354CF-17BE-4678-96FC-C1B564F4DA35.1602411036,1602411038,
did_v1_063354CF-17BE-4678-96FC-C1B564F4DA35.1602411036,1602411039,
did_v1_063354CF-17BE-4678-96FC-C1B564F4DA35.1602411036,1602411043,
did_v1_063354CF-17BE-4678-96FC-C1B564F4DA35.1602411036,1602411044,
did_v1_063354CF-17BE-4678-96FC-C1B564F4DA35.1602411036,1602411045,
did_v1_063354CF-17BE-4678-96FC-C1B564F4DA35.1602411036,1602411049,
did_v1_063354CF-17BE-4678-96FC-C1B564F4DA35.1602411036,1602411055,
did_v1_063354CF-17BE-4678-96FC-C1B564F4DA35.1602411036,1602411056,
did_v1_063354CF-17BE-4678-96FC-C1B564F4DA35.1602411036,1602411057,
did_v1_063354CF-17BE-4678-96FC-C1B564F4DA35.1602411036,1602411058,
did_v1_063354CF-17BE-4678-96FC-C1B564F4DA35.1602411036,1602411061,
did_v1_063354CF-17BE-4678-96FC-C1B564F4DA35.1602411036,1602411063,
did_v1_063354CF-17BE-4678-96FC-C1B564F4DA35.1602411036,1602411065,
did_v1_063354CF-17BE-4678-96FC-C1B564F4DA35.1602411036,1602411067,
did_v1_063354CF-17BE-4678-96FC-C1B564F4DA35.1602411036,1602411072,
did_v1_063354CF-17BE-4678-96FC-C1B564F4DA35.1602411036,1602411073,
did_v1_063354CF-17BE-4678-96FC-C1B564F4DA35.1602411036,1602411082,
did_v1_063354CF-17BE-4678-96FC-C1B564F4DA35.1602411036,1602411092,
did_v1_063354CF-17BE-4678-96FC-C1B564F4DA35.1602411036,1602411100,
did_v1_063354CF-17BE-4678-96FC-C1B564F4DA35.1602411036,1602411108,
did_v1_063354CF-17BE-4678-96FC-C1B564F4DA35.1602411036,1602411137,
did_v1_063354CF-17BE-4678-96FC-C1B564F4DA35.1602411036,1602411142,
did_v1_063354CF-17BE-4678-96FC-C1B564F4DA35.1602411036,1602411167,
did_v1_063354CF-17BE-4678-96FC-C1B564F4DA35.1602411036,1602411197,
did_v1_063354CF-17BE-4678-96FC-C1B564F4DA35.1602411036,1602411227,
did_v1_063354CF-17BE-4678-96FC-C1B564F4DA35.1602411036,1602411243,
did_v1_063354CF-17BE-4678-96FC-C1B564F4DA35.1602411036,1602411246,
did_v1_063354CF-17BE-4678-96FC-C1B564F4DA35.1602411036,1602411263,
did_v1_063354CF-17BE-4678-96FC-C1B564F4DA35.1602411036,1602411298,
did_v1_063354CF-17BE-4678-96FC-C1B564F4DA35.1602411036,1602411328,
did_v1_063354CF-17BE-4678-96FC-C1B564F4DA35.1602411036,1602411358,
did_v1_063354CF-17BE-4678-96FC-C1B564F4DA35.1602411036,1602411388,
did_v1_063354CF-17BE-4678-96FC-C1B564F4DA35.1602411036,1602411418,
did_v1_063354CF-17BE-4678-96FC-C1B564F4DA35.1602411036,1602411448,
did_v1_063354CF-17BE-4678-96FC-C1B564F4DA35.1602411036,1602411478,
did_v1_063354CF-17BE-4678-96FC-C1B564F4DA35.1602411036,1602411593,
did_v1_063354CF-17BE-4678-96FC-C1B564F4DA35.1602411036,1602411597,
did_v1_063354CF-17BE-4678-96FC-C1B564F4DA35.1602411036,1602411612,
did_v1_063354CF-17BE-4678-96FC-C1B564F4DA35.1602411036,1602411657,
did_v1_063354CF-17BE-4678-96FC-C1B564F4DA35.1602411036,1602411687,
did_v1_063354CF-17BE-4678-96FC-C1B564F4DA35.1602411036,1602411689,
did_v1_063354CF-17BE-4678-96FC-C1B564F4DA35.1602411036,1602411717,
did_v1_063354CF-17BE-4678-96FC-C1B564F4DA35.1602411036,1602411747,
did_v1_063354CF-17BE-4678-96FC-C1B564F4DA35.1602411036,1602411777,
did_v1_063354CF-17BE-4678-96FC-C1B564F4DA35.1602411036,1602411807,
did_v1_063354CF-17BE-4678-96FC-C1B564F4DA35.1602411036,1602411837,
did_v1_063354CF-17BE-4678-96FC-C1B564F4DA35.1602411036,1602411867,
did_v1_063354CF-17BE-4678-96FC-C1B564F4DA35.1602411036,1602411870,
did_v1_063354CF-17BE-4678-96FC-C1B564F4DA35.1602411036,1602411905,
did_v1_063354CF-17BE-4678-96FC-C1B564F4DA35.1602411036,1602411926,
did_v1_063354CF-17BE-4678-96FC-C1B564F4DA35.1602411036,1602411928,
did_v1_063354CF-17BE-4678-96FC-C1B564F4DA35.1602411036,1602412289,
did_v1_063354CF-17BE-4678-96FC-C1B564F4DA35.1602411036,1602412290,
did_v1_063354CF-17BE-4678-96FC-C1B564F4DA35.1602411036,1602412293,
did_v1_063354CF-17BE-4678-96FC-C1B564F4DA35.1602411036,1602412297,
did_v1_063354CF-17BE-4678-96FC-C1B564F4DA35.1602411036,1602412314,
did_v1_063354CF-17BE-4678-96FC-C1B564F4DA35.1602411036,1602412344,
did_v1_063354CF-17BE-4678-96FC-C1B564F4DA35.1602411036,1602412603,
did_v1_063354CF-17BE-4678-96FC-C1B564F4DA35.1602411036,1602412608,
did_v1_063354CF-17BE-4678-96FC-C1B564F4DA35.1602411036,1602412609,
did_v1_063354CF-17BE-4678-96FC-C1B564F4DA35.1602411036,1602412639,
did_v1_063354CF-17BE-4678-96FC-C1B564F4DA35.1602411036,1602412669,
did_v1_063354CF-17BE-4678-96FC-C1B564F4DA35.1602411036,1602412699,
did_v1_063354CF-17BE-4678-96FC-C1B564F4DA35.1602411036,1602412729,
did_v1_063354CF-17BE-4678-96FC-C1B564F4DA35.1602411036,1602412750,
did_v1_063354CF-17BE-4678-96FC-C1B564F4DA35.1602411036,1602412754,
did_v1_063354CF-17BE-4678-96FC-C1B564F4DA35.1602411036,1602412789,
did_v1_063354CF-17BE-4678-96FC-C1B564F4DA35.1602411036,1602412816,
did_v1_063354CF-17BE-4678-96FC-C1B564F4DA35.1602411036,1602412819,
did_v1_063354CF-17BE-4678-96FC-C1B564F4DA35.1602411036,1602412849,
did_v1_063354CF-17BE-4678-96FC-C1B564F4DA35.1602411036,1602412879,
did_v1_063354CF-17BE-4678-96FC-C1B564F4DA35.1602411036,1602412909,
did_v1_063354CF-17BE-4678-96FC-C1B564F4DA35.1602411036,1602412938,
did_v1_063354CF-17BE-4678-96FC-C1B564F4DA35.1602411036,1602412941,
did_v1_063354CF-17BE-4678-96FC-C1B564F4DA35.1602411036,1602412955,
did_v1_063354CF-17BE-4678-96FC-C1B564F4DA35.1602411036,1602412990,
did_v1_063354CF-17BE-4678-96FC-C1B564F4DA35.1602411036,1602413000,
did_v1_063354CF-17BE-4678-96FC-C1B564F4DA35.1602411036,1602413020,
did_v1_063354CF-17BE-4678-96FC-C1B564F4DA35.1602411036,1602413040,
did_v1_063354CF-17BE-4678-96FC-C1B564F4DA35.1602411036,1602413042,
did_v1_063354CF-17BE-4678-96FC-C1B564F4DA35.1602411036,1602413073,
did_v1_063354CF-17BE-4678-96FC-C1B564F4DA35.1602411036,1602413074,
did_v1_063354CF-17BE-4678-96FC-C1B564F4DA35.1602411036,1602413085,
did_v1_063354CF-17BE-4678-96FC-C1B564F4DA35.1602411036,1602413101,
did_v1_063354CF-17BE-4678-96FC-C1B564F4DA35.1602411036,1602414121,
did_v1_063354CF-17BE-4678-96FC-C1B564F4DA35.1602411036,1602414124,
did_v1_063354CF-17BE-4678-96FC-C1B564F4DA35.1602411036,1602414126,
did_v1_063354CF-17BE-4678-96FC-C1B564F4DA35.1602411036,1602414129,
did_v1_063354CF-17BE-4678-96FC-C1B564F4DA35.1602411036,1602414130,
did_v1_063354CF-17BE-4678-96FC-C1B564F4DA35.1602411036,1602414140,
did_v1_063354CF-17BE-4678-96FC-C1B564F4DA35.1602411036,1602414151,
did_v1_063354CF-17BE-4678-96FC-C1B564F4DA35.1602411036,1602414152,
did_v1_063354CF-17BE-4678-96FC-C1B564F4DA35.1602411036,1602414182,
did_v1_063354CF-17BE-4678-96FC-C1B564F4DA35.1602411036,1602414207,
did_v1_063354CF-17BE-4678-96FC-C1B564F4DA35.1602411036,1602414209,
did_v1_063354CF-17BE-4678-96FC-C1B564F4DA35.1602411036,1602414211,
did_v1_063354CF-17BE-4678-96FC-C1B564F4DA35.1602411036,1602414218,
did_v1_063354CF-17BE-4678-96FC-C1B564F4DA35.1602411036,1602414252,
did_v1_063354CF-17BE-4678-96FC-C1B564F4DA35.1602411036,1602414271,
did_v1_063354CF-17BE-4678-96FC-C1B564F4DA35.1602411036,1602414272,
did_v1_063354CF-17BE-4678-96FC-C1B564F4DA35.1602411036,1602414277,
did_v1_063354CF-17BE-4678-96FC-C1B564F4DA35.1602411036,1602414278,
did_v1_063354CF-17BE-4678-96FC-C1B564F4DA35.1602411036,1602414343,
did_v1_063354CF-17BE-4678-96FC-C1B564F4DA35.1602411036,1602414373,
did_v1_063354CF-17BE-4678-96FC-C1B564F4DA35.1602411036,1602414403,
did_v1_063354CF-17BE-4678-96FC-C1B564F4DA35.1602411036,1602414433,
did_v1_063354CF-17BE-4678-96FC-C1B564F4DA35.1602411036,1602414463,
did_v1_063354CF-17BE-4678-96FC-C1B564F4DA35.1602411036,1602414466,
did_v1_063354CF-17BE-4678-96FC-C1B564F4DA35.1602411036,1602414467,
did_v1_063354CF-17BE-4678-96FC-C1B564F4DA35.1602411036,1602414470,
did_v1_063354CF-17BE-4678-96FC-C1B564F4DA35.1602411036,1602414476,
did_v1_063354CF-17BE-4678-96FC-C1B564F4DA35.1602411036,1602414506,
did_v1_063354CF-17BE-4678-96FC-C1B564F4DA35.1602411036,1602414541,
did_v1_063354CF-17BE-4678-96FC-C1B564F4DA35.1602411036,1602414572,
did_v1_063354CF-17BE-4678-96FC-C1B564F4DA35.1602411036,1602414601,
did_v1_063354CF-17BE-4678-96FC-C1B564F4DA35.1602411036,1602414631,
did_v1_063354CF-17BE-4678-96FC-C1B564F4DA35.1602411036,1602414641,
did_v1_063354CF-17BE-4678-96FC-C1B564F4DA35.1602411036,1602414642,
did_v1_063354CF-17BE-4678-96FC-C1B564F4DA35.1602411036,1602414646,
did_v1_063354CF-17BE-4678-96FC-C1B564F4DA35.1602411036,1602414681,
did_v1_063354CF-17BE-4678-96FC-C1B564F4DA35.1602411036,1602414711,
did_v1_063354CF-17BE-4678-96FC-C1B564F4DA35.1602411036,1602414737,
did_v1_063354CF-17BE-4678-96FC-C1B564F4DA35.1602411036,1602414738,
did_v1_063354CF-17BE-4678-96FC-C1B564F4DA35.1602411036,1602414763,
did_v1_063354CF-17BE-4678-96FC-C1B564F4DA35.1602411036,1602414764,
did_v1_063354CF-17BE-4678-96FC-C1B564F4DA35.1602411036,1602414796,
did_v1_063354CF-17BE-4678-96FC-C1B564F4DA35.1602411036,1602414826,
did_v1_063354CF-17BE-4678-96FC-C1B564F4DA35.1602411036,1602414856,
did_v1_063354CF-17BE-4678-96FC-C1B564F4DA35.1602411036,1602414880,
did_v1_063354CF-17BE-4678-96FC-C1B564F4DA35.1602411036,1602414948,
did_v1_063354CF-17BE-4678-96FC-C1B564F4DA35.1602411036,1602414964,
did_v1_063354CF-17BE-4678-96FC-C1B564F4DA35.1602411036,1602414967,
did_v1_063354CF-17BE-4678-96FC-C1B564F4DA35.1602411036,1602414970,
did_v1_063354CF-17BE-4678-96FC-C1B564F4DA35.1602411036,1602414975,
did_v1_063354CF-17BE-4678-96FC-C1B564F4DA35.1602411036,1602414976,
did_v1_063354CF-17BE-4678-96FC-C1B564F4DA35.1602411036,1602414977,
did_v1_063354CF-17BE-4678-96FC-C1B564F4DA35.1602411036,1602414978,
did_v1_063354CF-17BE-4678-96FC-C1B564F4DA35.1602411036,1602414989,
did_v1_063354CF-17BE-4678-96FC-C1B564F4DA35.1602411036,1602414993,
did_v1_063354CF-17BE-4678-96FC-C1B564F4DA35.1602411036,1602414994,
did_v1_063354CF-17BE-4678-96FC-C1B564F4DA35.1602411036,1602415008,
did_v1_063354CF-17BE-4678-96FC-C1B564F4DA35.1602411036,1602415028,
did_v1_063354CF-17BE-4678-96FC-C1B564F4DA35.1602411036,1602415029,
did_v1_063354CF-17BE-4678-96FC-C1B564F4DA35.1602411036,1602415037,
did_v1_063354CF-17BE-4678-96FC-C1B564F4DA35.1602411036,1602415052,
did_v1_063354CF-17BE-4678-96FC-C1B564F4DA35.1602411036,1602415053,
did_v1_063354CF-17BE-4678-96FC-C1B564F4DA35.1602411036,1602415054,
did_v1_063354CF-17BE-4678-96FC-C1B564F4DA35.1602411036,1602415055,
did_v1_063354CF-17BE-4678-96FC-C1B564F4DA35.1602411036,1602415056,
did_v1_063354CF-17BE-4678-96FC-C1B564F4DA35.1602411036,1602415062,
did_v1_063354CF-17BE-4678-96FC-C1B564F4DA35.1602411036,1602415091,
did_v1_063354CF-17BE-4678-96FC-C1B564F4DA35.1602411036,1602415121,
did_v1_063354CF-17BE-4678-96FC-C1B564F4DA35.1602411036,1602415151,
did_v1_063354CF-17BE-4678-96FC-C1B564F4DA35.1602411036,1602415181,
did_v1_063354CF-17BE-4678-96FC-C1B564F4DA35.1602411036,1602415211,
did_v1_063354CF-17BE-4678-96FC-C1B564F4DA35.1602411036,1602415241,
did_v1_063354CF-17BE-4678-96FC-C1B564F4DA35.1602411036,1602415271,
did_v1_063354CF-17BE-4678-96FC-C1B564F4DA35.1602411036,1602415272,
did_v1_063354CF-17BE-4678-96FC-C1B564F4DA35.1602411036,1602415287,
did_v1_063354CF-17BE-4678-96FC-C1B564F4DA35.1602411036,1602415307,
did_v1_063354CF-17BE-4678-96FC-C1B564F4DA35.1602411036,1602415322,
did_v1_063354CF-17BE-4678-96FC-C1B564F4DA35.1602411036,1602415343,
did_v1_063354CF-17BE-4678-96FC-C1B564F4DA35.1602411036,1602415348,
did_v1_063354CF-17BE-4678-96FC-C1B564F4DA35.1602411036,1602415351,
did_v1_063354CF-17BE-4678-96FC-C1B564F4DA35.1602411036,1602415352,
did_v1_063354CF-17BE-4678-96FC-C1B564F4DA35.1602411036,1602415355,
did_v1_063354CF-17BE-4678-96FC-C1B564F4DA35.1602411036,1602415359,
did_v1_063354CF-17BE-4678-96FC-C1B564F4DA35.1602411036,1602415390,
did_v1_063354CF-17BE-4678-96FC-C1B564F4DA35.1602411036,1602415420,
did_v1_063354CF-17BE-4678-96FC-C1B564F4DA35.1602411036,1602415442,
did_v1_063354CF-17BE-4678-96FC-C1B564F4DA35.1602418655,1602418656,
did_v1_063354CF-17BE-4678-96FC-C1B564F4DA35.1602418655,1602418657,
did_v1_063354CF-17BE-4678-96FC-C1B564F4DA35.1602418655,1602418658,
did_v1_063354CF-17BE-4678-96FC-C1B564F4DA35.1602418655,1602418668,
did_v1_063354CF-17BE-4678-96FC-C1B564F4DA35.1602418655,1602418669,
did_v1_063354CF-17BE-4678-96FC-C1B564F4DA35.1602418655,1602418670,
did_v1_063354CF-17BE-4678-96FC-C1B564F4DA35.1602418655,1602418671,
did_v1_063354CF-17BE-4678-96FC-C1B564F4DA35.1602418655,1602418675,
did_v1_063354CF-17BE-4678-96FC-C1B564F4DA35.1602418655,1602418676,
did_v1_063354CF-17BE-4678-96FC-C1B564F4DA35.1602418655,1602418708,
did_v1_063354CF-17BE-4678-96FC-C1B564F4DA35.1602418655,1602420272,
did_v1_063354CF-17BE-4678-96FC-C1B564F4DA35.1602418655,1602420273,
did_v1_063354CF-17BE-4678-96FC-C1B564F4DA35.1602418655,1602420274,
did_v1_063354CF-17BE-4678-96FC-C1B564F4DA35.1602418655,1602420275,
did_v1_063354CF-17BE-4678-96FC-C1B564F4DA35.1602418655,1602420276,
did_v1_063354CF-17BE-4678-96FC-C1B564F4DA35.1602418655,1602420277,
did_v1_063354CF-17BE-4678-96FC-C1B564F4DA35.1602418655,1602420278,
did_v1_063354CF-17BE-4678-96FC-C1B564F4DA35.1602418655,1602420279,
did_v1_063354CF-17BE-4678-96FC-C1B564F4DA35.1602418655,1602420280,
did_v1_063354CF-17BE-4678-96FC-C1B564F4DA35.1602418655,1602420281,
did_v1_063354CF-17BE-4678-96FC-C1B564F4DA35.1602418655,1602420282,
did_v1_063354CF-17BE-4678-96FC-C1B564F4DA35.1602418655,1602420286,
did_v1_063354CF-17BE-4678-96FC-C1B564F4DA35.1602418655,1602420317,
did_v1_063354CF-17BE-4678-96FC-C1B564F4DA35.1602418655,1602420346,
did_v1_063354CF-17BE-4678-96FC-C1B564F4DA35.1602418655,1602420347,
did_v1_063354CF-17BE-4678-96FC-C1B564F4DA35.1602418655,1602420377,
did_v1_063354CF-17BE-4678-96FC-C1B564F4DA35.1602418655,1602420407,
did_v1_063354CF-17BE-4678-96FC-C1B564F4DA35.1602418655,1602420437,
did_v1_063354CF-17BE-4678-96FC-C1B564F4DA35.1602418655,1602420467,
did_v1_063354CF-17BE-4678-96FC-C1B564F4DA35.1602418655,1602420497,
did_v1_063354CF-17BE-4678-96FC-C1B564F4DA35.1602418655,1602420527,
did_v1_063354CF-17BE-4678-96FC-C1B564F4DA35.1602418655,1602420533,
did_v1_063354CF-17BE-4678-96FC-C1B564F4DA35.1602418655,1602420534,
did_v1_063354CF-17BE-4678-96FC-C1B564F4DA35.1602418655,1602420553,
did_v1_063354CF-17BE-4678-96FC-C1B564F4DA35.1602418655,1602420567,
did_v1_063354CF-17BE-4678-96FC-C1B564F4DA35.1602418655,1602420568,
did_v1_063354CF-17BE-4678-96FC-C1B564F4DA35.1602418655,1602420595,
did_v1_063354CF-17BE-4678-96FC-C1B564F4DA35.1602418655,1602420602,
did_v1_063354CF-17BE-4678-96FC-C1B564F4DA35.1602418655,1602420632,
did_v1_063354CF-17BE-4678-96FC-C1B564F4DA35.1602418655,1602420662,
did_v1_063354CF-17BE-4678-96FC-C1B564F4DA35.1602418655,1602420692,
did_v1_063354CF-17BE-4678-96FC-C1B564F4DA35.1602418655,1602420722,
did_v1_063354CF-17BE-4678-96FC-C1B564F4DA35.1602418655,1602420752,
did_v1_063354CF-17BE-4678-96FC-C1B564F4DA35.1602418655,1602420782,
did_v1_063354CF-17BE-4678-96FC-C1B564F4DA35.1602418655,1602420812,
did_v1_063354CF-17BE-4678-96FC-C1B564F4DA35.1602418655,1602420816,
did_v1_063354CF-17BE-4678-96FC-C1B564F4DA35.1602418655,1602420817,
did_v1_063354CF-17BE-4678-96FC-C1B564F4DA35.1602418655,1602420851,
did_v1_063354CF-17BE-4678-96FC-C1B564F4DA35.1602418655,1602420881,
did_v1_063354CF-17BE-4678-96FC-C1B564F4DA35.1602418655,1602420911,
did_v1_063354CF-17BE-4678-96FC-C1B564F4DA35.1602418655,1602420941,
did_v1_063354CF-17BE-4678-96FC-C1B564F4DA35.1602418655,1602420971,
did_v1_063354CF-17BE-4678-96FC-C1B564F4DA35.1602418655,1602421001,
did_v1_063354CF-17BE-4678-96FC-C1B564F4DA35.1602418655,1602421031,
did_v1_063354CF-17BE-4678-96FC-C1B564F4DA35.1602418655,1602421057,
did_v1_063354CF-17BE-4678-96FC-C1B564F4DA35.1602418655,1602421090,
did_v1_063354CF-17BE-4678-96FC-C1B564F4DA35.1602418655,1602421091,
did_v1_063354CF-17BE-4678-96FC-C1B564F4DA35.1602418655,1602421125,
did_v1_063354CF-17BE-4678-96FC-C1B564F4DA35.1602418655,1602421155,
did_v1_063354CF-17BE-4678-96FC-C1B564F4DA35.1602418655,1602421185,
did_v1_063354CF-17BE-4678-96FC-C1B564F4DA35.1602418655,1602421215,
did_v1_063354CF-17BE-4678-96FC-C1B564F4DA35.1602418655,1602421245,
did_v1_063354CF-17BE-4678-96FC-C1B564F4DA35.1602418655,1602421274,
did_v1_063354CF-17BE-4678-96FC-C1B564F4DA35.1602418655,1602421309,
did_v1_063354CF-17BE-4678-96FC-C1B564F4DA35.1602418655,1602421339,
did_v1_063354CF-17BE-4678-96FC-C1B564F4DA35.1602418655,1602421363,
did_v1_063354CF-17BE-4678-96FC-C1B564F4DA35.1602424496,1602424497,
did_v1_063354CF-17BE-4678-96FC-C1B564F4DA35.1602424496,1602424498,
did_v1_063354CF-17BE-4678-96FC-C1B564F4DA35.1602424496,1602424499,
did_v1_063354CF-17BE-4678-96FC-C1B564F4DA35.1602424496,1602424500,
did_v1_063354CF-17BE-4678-96FC-C1B564F4DA35.1602424496,1602424501,
did_v1_063354CF-17BE-4678-96FC-C1B564F4DA35.1602424496,1602424502,
did_v1_063354CF-17BE-4678-96FC-C1B564F4DA35.1602424496,1602424520,
did_v1_063354CF-17BE-4678-96FC-C1B564F4DA35.1602424496,1602424521,
did_v1_063354CF-17BE-4678-96FC-C1B564F4DA35.1602424496,1602424522,
did_v1_063354CF-17BE-4678-96FC-C1B564F4DA35.1602424496,1602424523,
did_v1_063354CF-17BE-4678-96FC-C1B564F4DA35.1602424496,1602424524,
did_v1_063354CF-17BE-4678-96FC-C1B564F4DA35.1602424496,1602424525,
did_v1_063354CF-17BE-4678-96FC-C1B564F4DA35.1602424496,1602424533,
did_v1_063354CF-17BE-4678-96FC-C1B564F4DA35.1602424496,1602424538,
did_v1_063354CF-17BE-4678-96FC-C1B564F4DA35.1602424496,1602424573,
did_v1_063354CF-17BE-4678-96FC-C1B564F4DA35.1602424496,1602424593,
did_v1_063354CF-17BE-4678-96FC-C1B564F4DA35.1602424496,1602424603,
did_v1_063354CF-17BE-4678-96FC-C1B564F4DA35.1602424496,1602424633,
did_v1_063354CF-17BE-4678-96FC-C1B564F4DA35.1602424496,1602424663,
did_v1_063354CF-17BE-4678-96FC-C1B564F4DA35.1602424496,1602424693,
did_v1_063354CF-17BE-4678-96FC-C1B564F4DA35.1602424496,1602424723,
did_v1_063354CF-17BE-4678-96FC-C1B564F4DA35.1602424496,1602425375,
did_v1_063CF996-0571-4788-91AF-63F16C49C430.1602474501,1602474502,foreground
did_v1_063CF996-0571-4788-91AF-63F16C49C430.1602474501,1602474503,foreground
did_v1_063CF996-0571-4788-91AF-63F16C49C430.1602474501,1602474506,foreground
did_v1_063CF996-0571-4788-91AF-63F16C49C430.1602474501,1602474507,foreground
did_v1_063CF996-0571-4788-91AF-63F16C49C430.1602474501,1602474511,foreground
did_v1_063CF996-0571-4788-91AF-63F16C49C430.1602474501,1602474512,foreground
did_v1_063CF996-0571-4788-91AF-63F16C49C430.1602474501,1602474513,foreground
did_v1_063CF996-0571-4788-91AF-63F16C49C430.1602474501,1602474524,foreground
did_v1_063CF996-0571-4788-91AF-63F16C49C430.1602474501,1602474532,foreground
did_v1_063CF996-0571-4788-91AF-63F16C49C430.1602474501,1602474538,foreground
did_v1_063CF996-0571-4788-91AF-63F16C49C430.1602474501,1602474539,foreground
did_v1_063CF996-0571-4788-91AF-63F16C49C430.1602474501,1602474543,foreground
did_v1_063CF996-0571-4788-91AF-63F16C49C430.1602474501,1602474545,foreground
did_v1_063CF996-0571-4788-91AF-63F16C49C430.1602474501,1602474578,foreground
did_v1_063CF996-0571-4788-91AF-63F16C49C430.1602474501,1602474605,foreground
did_v1_063CF996-0571-4788-91AF-63F16C49C430.1602474501,1602474608,foreground
did_v1_063CF996-0571-4788-91AF-63F16C49C430.1602474501,1602474638,background
did_v1_063CF996-0571-4788-91AF-63F16C49C430.1602474501,1602474668,background
did_v1_063CF996-0571-4788-91AF-63F16C49C430.1602474501,1602474698,background
did_v1_063CF996-0571-4788-91AF-63F16C49C430.1602474501,1602474728,background
did_v1_063CF996-0571-4788-91AF-63F16C49C430.1602474501,1602474758,background
did_v1_063CF996-0571-4788-91AF-63F16C49C430.1602474501,1602474784,background
did_v1_063CF996-0571-4788-91AF-63F16C49C430.1602474501,1602474806,background
did_v1_063CF996-0571-4788-91AF-63F16C49C430.1602474501,1602474807,background
did_v1_063CF996-0571-4788-91AF-63F16C49C430.1602474501,1602474809,background
did_v1_063CF996-0571-4788-91AF-63F16C49C430.1602474501,1602474810,background
did_v1_063CF996-0571-4788-91AF-63F16C49C430.1602474501,1602474817,foreground
did_v1_063CF996-0571-4788-91AF-63F16C49C430.1602474501,1602474818,foreground
did_v1_063CF996-0571-4788-91AF-63F16C49C430.1602474501,1602474819,foreground
did_v1_063CF996-0571-4788-91AF-63F16C49C430.1602474501,1602474820,foreground
did_v1_063CF996-0571-4788-91AF-63F16C49C430.1602474501,1602474823,foreground
did_v1_063CF996-0571-4788-91AF-63F16C49C430.1602474501,1602474848,foreground
did_v1_063CF996-0571-4788-91AF-63F16C49C430.1602474501,1602474849,foreground
did_v1_063CF996-0571-4788-91AF-63F16C49C430.1602474501,1602474850,foreground
did_v1_063CF996-0571-4788-91AF-63F16C49C430.1602474501,1602474853,foreground
did_v1_063CF996-0571-4788-91AF-63F16C49C430.1602474501,1602474854,foreground
did_v1_063CF996-0571-4788-91AF-63F16C49C430.1602474501,1602474856,foreground
did_v1_063CF996-0571-4788-91AF-63F16C49C430.1602474501,1602474858,foreground
did_v1_063CF996-0571-4788-91AF-63F16C49C430.1602474501,1602474875,foreground
did_v1_063CF996-0571-4788-91AF-63F16C49C430.1602474501,1602474883,foreground
did_v1_063CF996-0571-4788-91AF-63F16C49C430.1602474501,1602474918,foreground
did_v1_063CF996-0571-4788-91AF-63F16C49C430.1602474501,1602474948,foreground
did_v1_063CF996-0571-4788-91AF-63F16C49C430.1602474501,1602474978,background
did_v1_063CF996-0571-4788-91AF-63F16C49C430.1602474501,1602475008,background
did_v1_063CF996-0571-4788-91AF-63F16C49C430.1602474501,1602475038,background
did_v1_063CF996-0571-4788-91AF-63F16C49C430.1602474501,1602475068,background
did_v1_063CF996-0571-4788-91AF-63F16C49C430.1602474501,1602475081,background
did_v1_063CF996-0571-4788-91AF-63F16C49C430.1602474501,1602475116,background
did_v1_063CF996-0571-4788-91AF-63F16C49C430.1602474501,1602475146,background
did_v1_063CF996-0571-4788-91AF-63F16C49C430.1602474501,1602475176,background
did_v1_063CF996-0571-4788-91AF-63F16C49C430.1602474501,1602475206,background
did_v1_063CF996-0571-4788-91AF-63F16C49C430.1602474501,1602475236,background
did_v1_063CF996-0571-4788-91AF-63F16C49C430.1602474501,1602475266,background
did_v1_063CF996-0571-4788-91AF-63F16C49C430.1602474501,1602475273,background
did_v1_063CF996-0571-4788-91AF-63F16C49C430.1602474501,1602475308,background
did_v1_063CF996-0571-4788-91AF-63F16C49C430.1602474501,1602475338,background
did_v1_063CF996-0571-4788-91AF-63F16C49C430.1602474501,1602475343,foreground
did_v1_063CF996-0571-4788-91AF-63F16C49C430.1602474501,1602475368,foreground
did_v1_063CF996-0571-4788-91AF-63F16C49C430.1602474501,1602475398,foreground
did_v1_063CF996-0571-4788-91AF-63F16C49C430.1602474501,1602475428,background
did_v1_063CF996-0571-4788-91AF-63F16C49C430.1602474501,1602475458,background
did_v1_063CF996-0571-4788-91AF-63F16C49C430.1602474501,1602475488,background
did_v1_063CF996-0571-4788-91AF-63F16C49C430.1602474501,1602475494,background
did_v1_063CF996-0571-4788-91AF-63F16C49C430.1602474501,1602475529,background
did_v1_063CF996-0571-4788-91AF-63F16C49C430.1602474501,1602475559,background
did_v1_063CF996-0571-4788-91AF-63F16C49C430.1602474501,1602475589,background
did_v1_063CF996-0571-4788-91AF-63F16C49C430.1602474501,1602475619,background
did_v1_063CF996-0571-4788-91AF-63F16C49C430.1602474501,1602475649,background
did_v1_063CF996-0571-4788-91AF-63F16C49C430.1602474501,1602475679,background
did_v1_063CF996-0571-4788-91AF-63F16C49C430.1602474501,1602475707,background
did_v1_063CF996-0571-4788-91AF-63F16C49C430.1602474501,1602475720,background
did_v1_075B74BB-8917-48BA-9842-E66A19D60F2E.1602417316,1602417317,
did_v1_075B74BB-8917-48BA-9842-E66A19D60F2E.1602417316,1602417318,
did_v1_075B74BB-8917-48BA-9842-E66A19D60F2E.1602417316,1602417322,
did_v1_075B74BB-8917-48BA-9842-E66A19D60F2E.1602417316,1602417325,
did_v1_075B74BB-8917-48BA-9842-E66A19D60F2E.1602417316,1602417326,
did_v1_075B74BB-8917-48BA-9842-E66A19D60F2E.1602417316,1602417349,
did_v1_075B74BB-8917-48BA-9842-E66A19D60F2E.1602417316,1602417350,
did_v1_075B74BB-8917-48BA-9842-E66A19D60F2E.1602417316,1602417355,
did_v1_075B74BB-8917-48BA-9842-E66A19D60F2E.1602417316,1602417387,
did_v1_075B74BB-8917-48BA-9842-E66A19D60F2E.1602417316,1602417393,
did_v1_075B74BB-8917-48BA-9842-E66A19D60F2E.1602417316,1602417397,
did_v1_075B74BB-8917-48BA-9842-E66A19D60F2E.1602417316,1602417398,
did_v1_075B74BB-8917-48BA-9842-E66A19D60F2E.1602417316,1602417399,
did_v1_075B74BB-8917-48BA-9842-E66A19D60F2E.1602417316,1602417402,
did_v1_075B74BB-8917-48BA-9842-E66A19D60F2E.1602417316,1602417423,
did_v1_075B74BB-8917-48BA-9842-E66A19D60F2E.1602417316,1602417443,
did_v1_075B74BB-8917-48BA-9842-E66A19D60F2E.1602417316,1602417464,
did_v1_075B74BB-8917-48BA-9842-E66A19D60F2E.1602417316,1602417487,
did_v1_075B74BB-8917-48BA-9842-E66A19D60F2E.1602417316,1602417502,
did_v1_075B74BB-8917-48BA-9842-E66A19D60F2E.1602417316,1602417524,
did_v1_075B74BB-8917-48BA-9842-E66A19D60F2E.1602417316,1602417539,
did_v1_075B74BB-8917-48BA-9842-E66A19D60F2E.1602466917,1602417587,
did_v1_075B74BB-8917-48BA-9842-E66A19D60F2E.1602466917,1602466918,
did_v1_075B74BB-8917-48BA-9842-E66A19D60F2E.1602466917,1602466919,
did_v1_075B74BB-8917-48BA-9842-E66A19D60F2E.1602466917,1602466928,
did_v1_075B74BB-8917-48BA-9842-E66A19D60F2E.1602466917,1602466931,
did_v1_075B74BB-8917-48BA-9842-E66A19D60F2E.1602466917,1602466939,
did_v1_075B74BB-8917-48BA-9842-E66A19D60F2E.1602466917,1602466940,
did_v1_075B74BB-8917-48BA-9842-E66A19D60F2E.1602466917,1602466946,
did_v1_075B74BB-8917-48BA-9842-E66A19D60F2E.1602466917,1602466981,
did_v1_075B74BB-8917-48BA-9842-E66A19D60F2E.1602466917,1602467011,
did_v1_075B74BB-8917-48BA-9842-E66A19D60F2E.1602466917,1602467040,
did_v1_075B74BB-8917-48BA-9842-E66A19D60F2E.1602480624,1602480625,
did_v1_075B74BB-8917-48BA-9842-E66A19D60F2E.1602480624,1602480626,
did_v1_075B74BB-8917-48BA-9842-E66A19D60F2E.1602480624,1602480630,
did_v1_075B74BB-8917-48BA-9842-E66A19D60F2E.1602480624,1602480633,
did_v1_075B74BB-8917-48BA-9842-E66A19D60F2E.1602480624,1602480636,
did_v1_075B74BB-8917-48BA-9842-E66A19D60F2E.1602480624,1602480651,
did_v1_075B74BB-8917-48BA-9842-E66A19D60F2E.1602480624,1602480652,
did_v1_075B74BB-8917-48BA-9842-E66A19D60F2E.1602480624,1602480653,
did_v1_075B74BB-8917-48BA-9842-E66A19D60F2E.1602480624,1602480654,
did_v1_075B74BB-8917-48BA-9842-E66A19D60F2E.1602480624,1602480656,
did_v1_075B74BB-8917-48BA-9842-E66A19D60F2E.1602480624,1602480657,
did_v1_075B74BB-8917-48BA-9842-E66A19D60F2E.1602480624,1602480658,
did_v1_075B74BB-8917-48BA-9842-E66A19D60F2E.1602480624,1602480660,
did_v1_075B74BB-8917-48BA-9842-E66A19D60F2E.1602480624,1602480661,
did_v1_075B74BB-8917-48BA-9842-E66A19D60F2E.1602480624,1602480665,
did_v1_075B74BB-8917-48BA-9842-E66A19D60F2E.1602480624,1602480668,
did_v1_075B74BB-8917-48BA-9842-E66A19D60F2E.1602480624,1602480669,
did_v1_075B74BB-8917-48BA-9842-E66A19D60F2E.1602480624,1602480670,
did_v1_075B74BB-8917-48BA-9842-E66A19D60F2E.1602480624,1602480673,
did_v1_075B74BB-8917-48BA-9842-E66A19D60F2E.1602480624,1602480674,
did_v1_075B74BB-8917-48BA-9842-E66A19D60F2E.1602480624,1602480676,
did_v1_075B74BB-8917-48BA-9842-E66A19D60F2E.1602480624,1602480681,
did_v1_075B74BB-8917-48BA-9842-E66A19D60F2E.1602480624,1602480683,
did_v1_075B74BB-8917-48BA-9842-E66A19D60F2E.1602480624,1602480684,
did_v1_075B74BB-8917-48BA-9842-E66A19D60F2E.1602480624,1602480694,
did_v1_075B74BB-8917-48BA-9842-E66A19D60F2E.1602480624,1602480701,
did_v1_075B74BB-8917-48BA-9842-E66A19D60F2E.1602480624,1602480749,
did_v1_075B74BB-8917-48BA-9842-E66A19D60F2E.1602480624,1602480750,
did_v1_075B74BB-8917-48BA-9842-E66A19D60F2E.1602480624,1602480752,
did_v1_075B74BB-8917-48BA-9842-E66A19D60F2E.1602480624,1602480756,
did_v1_075B74BB-8917-48BA-9842-E66A19D60F2E.1602480624,1602480769,
did_v1_075B74BB-8917-48BA-9842-E66A19D60F2E.1602480624,1602480772,
did_v1_075B74BB-8917-48BA-9842-E66A19D60F2E.1602480624,1602480774,
did_v1_075B74BB-8917-48BA-9842-E66A19D60F2E.1602480624,1602480775,
did_v1_075B74BB-8917-48BA-9842-E66A19D60F2E.1602480624,1602480776,
did_v1_075B74BB-8917-48BA-9842-E66A19D60F2E.1602480624,1602480815,
did_v1_075B74BB-8917-48BA-9842-E66A19D60F2E.1602480624,1602480822,
did_v1_075B74BB-8917-48BA-9842-E66A19D60F2E.1602480624,1602480833,
did_v1_075B74BB-8917-48BA-9842-E66A19D60F2E.1602480624,1602480835,
did_v1_075B74BB-8917-48BA-9842-E66A19D60F2E.1602480624,1602480839,
did_v1_075B74BB-8917-48BA-9842-E66A19D60F2E.1602480624,1602480841,
did_v1_075B74BB-8917-48BA-9842-E66A19D60F2E.1602480624,1602480845,
did_v1_075B74BB-8917-48BA-9842-E66A19D60F2E.1602480624,1602480861,
did_v1_075B74BB-8917-48BA-9842-E66A19D60F2E.1602480624,1602482105,
did_v1_075B74BB-8917-48BA-9842-E66A19D60F2E.1602480624,1602482106,
did_v1_075B74BB-8917-48BA-9842-E66A19D60F2E.1602480624,1602482111,
did_v1_075B74BB-8917-48BA-9842-E66A19D60F2E.1602480624,1602482112,
did_v1_075B74BB-8917-48BA-9842-E66A19D60F2E.1602480624,1602482113,
did_v1_075B74BB-8917-48BA-9842-E66A19D60F2E.1602480624,1602482120,
did_v1_075B74BB-8917-48BA-9842-E66A19D60F2E.1602480624,1602482123,
did_v1_075B74BB-8917-48BA-9842-E66A19D60F2E.1602480624,1602482128,
did_v1_075B74BB-8917-48BA-9842-E66A19D60F2E.1602480624,1602482129,
did_v1_075B74BB-8917-48BA-9842-E66A19D60F2E.1602480624,1602482144,
did_v1_075B74BB-8917-48BA-9842-E66A19D60F2E.1602480624,1602482146,
did_v1_075B74BB-8917-48BA-9842-E66A19D60F2E.1602480624,1602482149,
did_v1_075B74BB-8917-48BA-9842-E66A19D60F2E.1602480624,1602482150,
did_v1_075B74BB-8917-48BA-9842-E66A19D60F2E.1602480624,1602482162,
did_v1_075B74BB-8917-48BA-9842-E66A19D60F2E.1602480624,1602482163,
did_v1_075B74BB-8917-48BA-9842-E66A19D60F2E.1602480624,1602482168,
did_v1_075B74BB-8917-48BA-9842-E66A19D60F2E.1602480624,1602482180,
did_v1_075B74BB-8917-48BA-9842-E66A19D60F2E.1602480624,1602482181,
did_v1_075B74BB-8917-48BA-9842-E66A19D60F2E.1602480624,1602482184,
did_v1_075B74BB-8917-48BA-9842-E66A19D60F2E.1602480624,1602482185,
did_v1_075B74BB-8917-48BA-9842-E66A19D60F2E.1602480624,1602482199,
did_v1_075B74BB-8917-48BA-9842-E66A19D60F2E.1602480624,1602482200,
did_v1_075B74BB-8917-48BA-9842-E66A19D60F2E.1602480624,1602482201,
did_v1_075B74BB-8917-48BA-9842-E66A19D60F2E.1602480624,1602482202,
did_v1_075B74BB-8917-48BA-9842-E66A19D60F2E.1602480624,1602482217,
did_v1_075B74BB-8917-48BA-9842-E66A19D60F2E.1602480624,1602482224,
did_v1_075B74BB-8917-48BA-9842-E66A19D60F2E.1602480624,1602482235,
did_v1_075B74BB-8917-48BA-9842-E66A19D60F2E.1602480624,1602482262,
did_v1_075B74BB-8917-48BA-9842-E66A19D60F2E.1602480624,1602482265,
did_v1_075B74BB-8917-48BA-9842-E66A19D60F2E.1602480624,1602482295,
did_v1_075B74BB-8917-48BA-9842-E66A19D60F2E.1602480624,1602482323,
did_v1_075B74BB-8917-48BA-9842-E66A19D60F2E.1602480624,1602482875,
did_v1_0781B68F-2A0E-411E-A61B-D4BD87B67C72.1602399150,1602399152,foreground
did_v1_0781B68F-2A0E-411E-A61B-D4BD87B67C72.1602399150,1602399153,foreground
did_v1_0781B68F-2A0E-411E-A61B-D4BD87B67C72.1602399150,1602399155,foreground
did_v1_0781B68F-2A0E-411E-A61B-D4BD87B67C72.1602399150,1602399156,foreground
did_v1_0781B68F-2A0E-411E-A61B-D4BD87B67C72.1602399150,1602399161,foreground
did_v1_0781B68F-2A0E-411E-A61B-D4BD87B67C72.1602399150,1602399162,foreground
did_v1_0781B68F-2A0E-411E-A61B-D4BD87B67C72.1602399150,1602399163,foreground
did_v1_0781B68F-2A0E-411E-A61B-D4BD87B67C72.1602399150,1602399175,foreground
did_v1_0781B68F-2A0E-411E-A61B-D4BD87B67C72.1602399150,1602399176,foreground
did_v1_0781B68F-2A0E-411E-A61B-D4BD87B67C72.1602399150,1602399183,foreground
did_v1_0781B68F-2A0E-411E-A61B-D4BD87B67C72.1602399150,1602399191,foreground
did_v1_0781B68F-2A0E-411E-A61B-D4BD87B67C72.1602399150,1602399193,foreground
did_v1_0781B68F-2A0E-411E-A61B-D4BD87B67C72.1602399150,1602399253,foreground
did_v1_0781B68F-2A0E-411E-A61B-D4BD87B67C72.1602399150,1602399254,foreground
did_v1_0781B68F-2A0E-411E-A61B-D4BD87B67C72.1602399150,1602399255,foreground
did_v1_0781B68F-2A0E-411E-A61B-D4BD87B67C72.1602399150,1602399272,foreground
did_v1_0781B68F-2A0E-411E-A61B-D4BD87B67C72.1602399150,1602399279,foreground
did_v1_0781B68F-2A0E-411E-A61B-D4BD87B67C72.1602399150,1602399282,background
did_v1_0781B68F-2A0E-411E-A61B-D4BD87B67C72.1602399150,1602399309,background
did_v1_0781B68F-2A0E-411E-A61B-D4BD87B67C72.1602399150,1602399319,background
did_v1_0781B68F-2A0E-411E-A61B-D4BD87B67C72.1602399150,1602399338,background
did_v1_0781B68F-2A0E-411E-A61B-D4BD87B67C72.1602399150,1602399346,background
did_v1_0781B68F-2A0E-411E-A61B-D4BD87B67C72.1602399150,1602399360,background
did_v1_0781B68F-2A0E-411E-A61B-D4BD87B67C72.1602399150,1602399362,background
did_v1_0781B68F-2A0E-411E-A61B-D4BD87B67C72.1602399150,1602399365,background
did_v1_0781B68F-2A0E-411E-A61B-D4BD87B67C72.1602399150,1602399371,foreground
did_v1_0781B68F-2A0E-411E-A61B-D4BD87B67C72.1602399150,1602399381,foreground
did_v1_0781B68F-2A0E-411E-A61B-D4BD87B67C72.1602399150,1602400112,foreground
did_v1_0781B68F-2A0E-411E-A61B-D4BD87B67C72.1602399150,1602400113,foreground
did_v1_0781B68F-2A0E-411E-A61B-D4BD87B67C72.1602399150,1602400117,foreground
did_v1_0781B68F-2A0E-411E-A61B-D4BD87B67C72.1602399150,1602400118,foreground
did_v1_0781B68F-2A0E-411E-A61B-D4BD87B67C72.1602399150,1602400119,foreground
did_v1_0781B68F-2A0E-411E-A61B-D4BD87B67C72.1602399150,1602400122,foreground
did_v1_0781B68F-2A0E-411E-A61B-D4BD87B67C72.1602399150,1602400123,foreground
did_v1_0781B68F-2A0E-411E-A61B-D4BD87B67C72.1602399150,1602400134,foreground
did_v1_0781B68F-2A0E-411E-A61B-D4BD87B67C72.1602399150,1602400135,foreground
did_v1_0781B68F-2A0E-411E-A61B-D4BD87B67C72.1602399150,1602400136,foreground
did_v1_0781B68F-2A0E-411E-A61B-D4BD87B67C72.1602399150,1602400141,foreground
did_v1_0781B68F-2A0E-411E-A61B-D4BD87B67C72.1602399150,1602400146,foreground
did_v1_0781B68F-2A0E-411E-A61B-D4BD87B67C72.1602399150,1602400148,foreground
did_v1_0781B68F-2A0E-411E-A61B-D4BD87B67C72.1602399150,1602400149,foreground
did_v1_0781B68F-2A0E-411E-A61B-D4BD87B67C72.1602399150,1602400151,foreground
did_v1_0781B68F-2A0E-411E-A61B-D4BD87B67C72.1602399150,1602400154,background
did_v1_0781B68F-2A0E-411E-A61B-D4BD87B67C72.1602399150,1602400160,background
did_v1_0781B68F-2A0E-411E-A61B-D4BD87B67C72.1602399150,1602400197,background
did_v1_0781B68F-2A0E-411E-A61B-D4BD87B67C72.1602399150,1602400220,background
did_v1_0781B68F-2A0E-411E-A61B-D4BD87B67C72.1602399150,1602400227,background
did_v1_0781B68F-2A0E-411E-A61B-D4BD87B67C72.1602399150,1602400257,background
did_v1_0781B68F-2A0E-411E-A61B-D4BD87B67C72.1602399150,1602400287,background
did_v1_0781B68F-2A0E-411E-A61B-D4BD87B67C72.1602399150,1602400317,background
did_v1_0781B68F-2A0E-411E-A61B-D4BD87B67C72.1602399150,1602400347,background
did_v1_0781B68F-2A0E-411E-A61B-D4BD87B67C72.1602399150,1602400377,background
did_v1_0781B68F-2A0E-411E-A61B-D4BD87B67C72.1602399150,1602400407,background
did_v1_0781B68F-2A0E-411E-A61B-D4BD87B67C72.1602399150,1602400437,background
did_v1_0781B68F-2A0E-411E-A61B-D4BD87B67C72.1602399150,1602400456,background
did_v1_0781B68F-2A0E-411E-A61B-D4BD87B67C72.1602399150,1602400724,background
did_v1_0781B68F-2A0E-411E-A61B-D4BD87B67C72.1602399150,1602400726,background
did_v1_0781B68F-2A0E-411E-A61B-D4BD87B67C72.1602399150,1602400734,background
did_v1_0781B68F-2A0E-411E-A61B-D4BD87B67C72.1602399150,1602400735,background
did_v1_0781B68F-2A0E-411E-A61B-D4BD87B67C72.1602399150,1602400741,background
did_v1_0781B68F-2A0E-411E-A61B-D4BD87B67C72.1602399150,1602400742,background
did_v1_0781B68F-2A0E-411E-A61B-D4BD87B67C72.1602438818,1602438819,foreground
did_v1_0781B68F-2A0E-411E-A61B-D4BD87B67C72.1602438818,1602438820,foreground
did_v1_0781B68F-2A0E-411E-A61B-D4BD87B67C72.1602438818,1602438821,foreground
did_v1_0781B68F-2A0E-411E-A61B-D4BD87B67C72.1602438818,1602438823,foreground
did_v1_0781B68F-2A0E-411E-A61B-D4BD87B67C72.1602438818,1602438824,foreground
did_v1_0781B68F-2A0E-411E-A61B-D4BD87B67C72.1602438818,1602438825,foreground
did_v1_0781B68F-2A0E-411E-A61B-D4BD87B67C72.1602438818,1602438828,foreground
did_v1_0781B68F-2A0E-411E-A61B-D4BD87B67C72.1602438818,1602438829,foreground
did_v1_0781B68F-2A0E-411E-A61B-D4BD87B67C72.1602438818,1602438830,foreground
did_v1_0781B68F-2A0E-411E-A61B-D4BD87B67C72.1602438818,1602438831,foreground
did_v1_0781B68F-2A0E-411E-A61B-D4BD87B67C72.1602438818,1602438832,foreground
did_v1_0781B68F-2A0E-411E-A61B-D4BD87B67C72.1602438818,1602438848,foreground
did_v1_0781B68F-2A0E-411E-A61B-D4BD87B67C72.1602438818,1602438854,foreground
did_v1_0781B68F-2A0E-411E-A61B-D4BD87B67C72.1602438818,1602438855,foreground
did_v1_0781B68F-2A0E-411E-A61B-D4BD87B67C72.1602438818,1602438858,foreground
did_v1_0781B68F-2A0E-411E-A61B-D4BD87B67C72.1602438818,1602438859,foreground
did_v1_0781B68F-2A0E-411E-A61B-D4BD87B67C72.1602438818,1602438860,foreground
did_v1_0781B68F-2A0E-411E-A61B-D4BD87B67C72.1602438818,1602438885,foreground
did_v1_0781B68F-2A0E-411E-A61B-D4BD87B67C72.1602438818,1602438893,foreground
did_v1_0781B68F-2A0E-411E-A61B-D4BD87B67C72.1602438818,1602438899,foreground
did_v1_0781B68F-2A0E-411E-A61B-D4BD87B67C72.1602438818,1602438900,foreground
did_v1_0781B68F-2A0E-411E-A61B-D4BD87B67C72.1602438818,1602438901,foreground
did_v1_0781B68F-2A0E-411E-A61B-D4BD87B67C72.1602438818,1602438903,foreground
did_v1_0781B68F-2A0E-411E-A61B-D4BD87B67C72.1602438818,1602438907,foreground
did_v1_0781B68F-2A0E-411E-A61B-D4BD87B67C72.1602438818,1602438908,foreground
did_v1_0781B68F-2A0E-411E-A61B-D4BD87B67C72.1602438818,1602438920,foreground
did_v1_0781B68F-2A0E-411E-A61B-D4BD87B67C72.1602438818,1602438923,foreground
did_v1_07A4646C-214E-427F-8047-E6D4C58AA235.1602427720,1602427721,
did_v1_07A4646C-214E-427F-8047-E6D4C58AA235.1602427720,1602427722,
did_v1_07A4646C-214E-427F-8047-E6D4C58AA235.1602427720,1602428093,
did_v1_07A4646C-214E-427F-8047-E6D4C58AA235.1602467787,1602467788,
did_v1_07B1FD19-0EE8-48EF-B365-8FEFF783DBA9.1602420109,1602420110,foreground
did_v1_07B1FD19-0EE8-48EF-B365-8FEFF783DBA9.1602420109,1602420111,foreground
did_v1_07B1FD19-0EE8-48EF-B365-8FEFF783DBA9.1602469928,1602469929,foreground
did_v1_07B1FD19-0EE8-48EF-B365-8FEFF783DBA9.1602469928,1602469930,foreground
did_v1_07B1FD19-0EE8-48EF-B365-8FEFF783DBA9.1602473114,1602474259,foreground
did_v1_07D019D2-8189-4540-96DC-D342D39D463D.1602424808,1601283204,foreground
did_v1_07D019D2-8189-4540-96DC-D342D39D463D.1602424808,1601283209,foreground
did_v1_07D019D2-8189-4540-96DC-D342D39D463D.1602424808,1601283210,foreground
did_v1_07D019D2-8189-4540-96DC-D342D39D463D.1602424808,1602424810,foreground
did_v1_07D019D2-8189-4540-96DC-D342D39D463D.1602424808,1602424812,foreground
did_v1_07D019D2-8189-4540-96DC-D342D39D463D.1602424808,1602424815,foreground
did_v1_07D019D2-8189-4540-96DC-D342D39D463D.1602424808,1602424816,foreground
did_v1_07D019D2-8189-4540-96DC-D342D39D463D.1602424808,1602424817,foreground
did_v1_07D019D2-8189-4540-96DC-D342D39D463D.1602424808,1602424818,foreground
did_v1_07D019D2-8189-4540-96DC-D342D39D463D.1602424808,1602424821,foreground
did_v1_07D019D2-8189-4540-96DC-D342D39D463D.1602424808,1602424822,foreground
did_v1_07D019D2-8189-4540-96DC-D342D39D463D.1602424808,1602424825,foreground
did_v1_07D019D2-8189-4540-96DC-D342D39D463D.1602424808,1602424826,foreground
did_v1_07D019D2-8189-4540-96DC-D342D39D463D.1602424808,1602424828,foreground
did_v1_07D019D2-8189-4540-96DC-D342D39D463D.1602424808,1602424860,foreground
did_v1_07D019D2-8189-4540-96DC-D342D39D463D.1602424808,1602424888,background
did_v1_07D019D2-8189-4540-96DC-D342D39D463D.1602424808,1602424890,background
did_v1_07D019D2-8189-4540-96DC-D342D39D463D.1602424808,1602424920,background
did_v1_07D019D2-8189-4540-96DC-D342D39D463D.1602424808,1602424950,background
did_v1_07D019D2-8189-4540-96DC-D342D39D463D.1602424808,1602424980,background
did_v1_07D019D2-8189-4540-96DC-D342D39D463D.1602424808,1602425010,background
did_v1_07D019D2-8189-4540-96DC-D342D39D463D.1602424808,1602425040,background
did_v1_07D019D2-8189-4540-96DC-D342D39D463D.1602424808,1602425045,background
did_v1_07D019D2-8189-4540-96DC-D342D39D463D.1602424808,1602425093,background
did_v1_07D019D2-8189-4540-96DC-D342D39D463D.1602424808,1602425100,background
did_v1_07D019D2-8189-4540-96DC-D342D39D463D.1602424808,1602425101,background
did_v1_07D019D2-8189-4540-96DC-D342D39D463D.1602424808,1602425187,foreground
did_v1_07D019D2-8189-4540-96DC-D342D39D463D.1602424808,1602425188,foreground
did_v1_07D019D2-8189-4540-96DC-D342D39D463D.1602424808,1602425198,foreground
did_v1_07D019D2-8189-4540-96DC-D342D39D463D.1602424808,1602425202,foreground
did_v1_07D019D2-8189-4540-96DC-D342D39D463D.1602424808,1602425203,foreground
did_v1_07D019D2-8189-4540-96DC-D342D39D463D.1602424808,1602425204,foreground
did_v1_07D019D2-8189-4540-96DC-D342D39D463D.1602424808,1602425238,background
did_v1_07D019D2-8189-4540-96DC-D342D39D463D.1602424808,1602425268,background
did_v1_07D019D2-8189-4540-96DC-D342D39D463D.1602424808,1602425298,background
did_v1_07D019D2-8189-4540-96DC-D342D39D463D.1602424808,1602425328,background
did_v1_07D019D2-8189-4540-96DC-D342D39D463D.1602424808,1602425358,background
did_v1_07D019D2-8189-4540-96DC-D342D39D463D.1602424808,1602425388,background
did_v1_07D019D2-8189-4540-96DC-D342D39D463D.1602424808,1602425418,background
did_v1_07D019D2-8189-4540-96DC-D342D39D463D.1602424808,1602425448,background
did_v1_07D019D2-8189-4540-96DC-D342D39D463D.1602424808,1602425478,background
did_v1_07D019D2-8189-4540-96DC-D342D39D463D.1602424808,1602425508,background
did_v1_07D019D2-8189-4540-96DC-D342D39D463D.1602424808,1602425538,background
did_v1_07D019D2-8189-4540-96DC-D342D39D463D.1602424808,1602425568,background
did_v1_07D019D2-8189-4540-96DC-D342D39D463D.1602424808,1602425594,background
did_v1_07D019D2-8189-4540-96DC-D342D39D463D.1602424808,1602425631,background
did_v1_07D019D2-8189-4540-96DC-D342D39D463D.1602424808,1602425637,foreground
did_v1_07D019D2-8189-4540-96DC-D342D39D463D.1602424808,1602425672,foreground
did_v1_07D019D2-8189-4540-96DC-D342D39D463D.1602424808,1602425702,background
did_v1_07D019D2-8189-4540-96DC-D342D39D463D.1602424808,1602425732,background
did_v1_07D019D2-8189-4540-96DC-D342D39D463D.1602424808,1602425762,background
did_v1_07D019D2-8189-4540-96DC-D342D39D463D.1602424808,1602425792,background
did_v1_07D019D2-8189-4540-96DC-D342D39D463D.1602424808,1602425822,background
did_v1_07D019D2-8189-4540-96DC-D342D39D463D.1602424808,1602425852,background
did_v1_07D019D2-8189-4540-96DC-D342D39D463D.1602424808,1602425882,background
did_v1_07D019D2-8189-4540-96DC-D342D39D463D.1602424808,1602425912,background
did_v1_07D019D2-8189-4540-96DC-D342D39D463D.1602424808,1602425942,background
did_v1_07D019D2-8189-4540-96DC-D342D39D463D.1602424808,1602425972,background
did_v1_07D019D2-8189-4540-96DC-D342D39D463D.1602424808,1602426002,background
did_v1_07D019D2-8189-4540-96DC-D342D39D463D.1602424808,1602426028,background
did_v1_07D019D2-8189-4540-96DC-D342D39D463D.1602424808,1602426044,foreground
did_v1_07D019D2-8189-4540-96DC-D342D39D463D.1602424808,1602426054,foreground
did_v1_07D019D2-8189-4540-96DC-D342D39D463D.1602424808,1602426055,foreground
did_v1_07D019D2-8189-4540-96DC-D342D39D463D.1602424808,1602426056,foreground
did_v1_07D019D2-8189-4540-96DC-D342D39D463D.1602424808,1602426057,foreground
did_v1_07D019D2-8189-4540-96DC-D342D39D463D.1602424808,1602426090,background
did_v1_07D019D2-8189-4540-96DC-D342D39D463D.1602424808,1602426120,background
did_v1_07D019D2-8189-4540-96DC-D342D39D463D.1602424808,1602426150,background
did_v1_07D019D2-8189-4540-96DC-D342D39D463D.1602424808,1602426180,background
did_v1_07D019D2-8189-4540-96DC-D342D39D463D.1602424808,1602426182,background
did_v1_07D019D2-8189-4540-96DC-D342D39D463D.1602424808,1602426210,background
did_v1_07D019D2-8189-4540-96DC-D342D39D463D.1602424808,1602426240,background
did_v1_07D019D2-8189-4540-96DC-D342D39D463D.1602424808,1602426270,background
did_v1_07D019D2-8189-4540-96DC-D342D39D463D.1602424808,1602426300,background
did_v1_07D019D2-8189-4540-96DC-D342D39D463D.1602424808,1602426316,background
did_v1_07D019D2-8189-4540-96DC-D342D39D463D.1602424808,1602426591,foreground
did_v1_07D019D2-8189-4540-96DC-D342D39D463D.1602424808,1602426593,foreground
did_v1_07D019D2-8189-4540-96DC-D342D39D463D.1602424808,1602426594,foreground
did_v1_07D019D2-8189-4540-96DC-D342D39D463D.1602424808,1602426595,foreground
did_v1_07D019D2-8189-4540-96DC-D342D39D463D.1602424808,1602426596,foreground
did_v1_07D019D2-8189-4540-96DC-D342D39D463D.1602424808,1602426630,background
did_v1_07D019D2-8189-4540-96DC-D342D39D463D.1602424808,1602426656,background
did_v1_07D019D2-8189-4540-96DC-D342D39D463D.1602424808,1602426660,background
did_v1_07D019D2-8189-4540-96DC-D342D39D463D.1602424808,1602426690,background
did_v1_07D019D2-8189-4540-96DC-D342D39D463D.1602424808,1602426720,background
did_v1_07D019D2-8189-4540-96DC-D342D39D463D.1602424808,1602426750,background
did_v1_07D019D2-8189-4540-96DC-D342D39D463D.1602424808,1602426780,background
did_v1_07D019D2-8189-4540-96DC-D342D39D463D.1602424808,1602426810,background
did_v1_07D019D2-8189-4540-96DC-D342D39D463D.1602424808,1602426838,background
did_v1_07D019D2-8189-4540-96DC-D342D39D463D.1602424808,1602426849,background
did_v1_07D019D2-8189-4540-96DC-D342D39D463D.1602424808,1602426884,background
did_v1_07D019D2-8189-4540-96DC-D342D39D463D.1602424808,1602426899,background
did_v1_07D019D2-8189-4540-96DC-D342D39D463D.1602424808,1602426914,background
did_v1_07D019D2-8189-4540-96DC-D342D39D463D.1602424808,1602426944,background
did_v1_07D019D2-8189-4540-96DC-D342D39D463D.1602424808,1602426999,background
did_v1_08DF493A-716F-43A8-8A94-35F4351051C3.1602410308,1602410309,foreground
did_v1_08DF493A-716F-43A8-8A94-35F4351051C3.1602410308,1602410310,foreground
did_v1_08DF493A-716F-43A8-8A94-35F4351051C3.1602410308,1602410311,foreground
did_v1_08DF493A-716F-43A8-8A94-35F4351051C3.1602410308,1602410312,foreground
did_v1_08DF493A-716F-43A8-8A94-35F4351051C3.1602410308,1602410314,foreground
did_v1_08DF493A-716F-43A8-8A94-35F4351051C3.1602410308,1602410317,foreground
did_v1_08DF493A-716F-43A8-8A94-35F4351051C3.1602410308,1602410318,foreground
did_v1_08DF493A-716F-43A8-8A94-35F4351051C3.1602410308,1602410319,foreground
did_v1_08DF493A-716F-43A8-8A94-35F4351051C3.1602410308,1602410320,foreground
did_v1_08DF493A-716F-43A8-8A94-35F4351051C3.1602410308,1602410321,foreground
did_v1_08DF493A-716F-43A8-8A94-35F4351051C3.1602410308,1602410322,foreground
did_v1_08DF493A-716F-43A8-8A94-35F4351051C3.1602410308,1602410323,foreground
did_v1_08DF493A-716F-43A8-8A94-35F4351051C3.1602410308,1602410324,foreground
did_v1_08DF493A-716F-43A8-8A94-35F4351051C3.1602410308,1602410325,foreground
did_v1_08DF493A-716F-43A8-8A94-35F4351051C3.1602410308,1602410326,foreground
did_v1_08DF493A-716F-43A8-8A94-35F4351051C3.1602410308,1602410327,foreground
did_v1_08DF493A-716F-43A8-8A94-35F4351051C3.1602410308,1602410332,foreground
did_v1_08DF493A-716F-43A8-8A94-35F4351051C3.1602410308,1602410333,foreground
did_v1_08DF493A-716F-43A8-8A94-35F4351051C3.1602410308,1602410334,foreground
did_v1_08DF493A-716F-43A8-8A94-35F4351051C3.1602410308,1602410352,foreground
did_v1_08DF493A-716F-43A8-8A94-35F4351051C3.1602410308,1602410354,foreground
did_v1_08DF493A-716F-43A8-8A94-35F4351051C3.1602410308,1602410356,foreground
did_v1_08DF493A-716F-43A8-8A94-35F4351051C3.1602410308,1602410387,background
did_v1_08DF493A-716F-43A8-8A94-35F4351051C3.1602410308,1602410416,background
did_v1_08DF493A-716F-43A8-8A94-35F4351051C3.1602410308,1602410417,background
did_v1_08DF493A-716F-43A8-8A94-35F4351051C3.1602410308,1602410447,background
did_v1_08DF493A-716F-43A8-8A94-35F4351051C3.1602410308,1602410477,background
did_v1_08DF493A-716F-43A8-8A94-35F4351051C3.1602410308,1602410507,background
did_v1_08DF493A-716F-43A8-8A94-35F4351051C3.1602410308,1602410537,background
did_v1_08DF493A-716F-43A8-8A94-35F4351051C3.1602410308,1602410567,background
did_v1_08DF493A-716F-43A8-8A94-35F4351051C3.1602410308,1602410597,background
did_v1_08DF493A-716F-43A8-8A94-35F4351051C3.1602410308,1602410627,background
did_v1_08DF493A-716F-43A8-8A94-35F4351051C3.1602410308,1602410657,background
did_v1_08DF493A-716F-43A8-8A94-35F4351051C3.1602410308,1602410659,background
did_v1_08DF493A-716F-43A8-8A94-35F4351051C3.1602410308,1602410680,background
did_v1_08DF493A-716F-43A8-8A94-35F4351051C3.1602410308,1602410689,background
did_v1_08DF493A-716F-43A8-8A94-35F4351051C3.1602410308,1602410690,background
did_v1_08DF493A-716F-43A8-8A94-35F4351051C3.1602410308,1602410725,background
did_v1_08DF493A-716F-43A8-8A94-35F4351051C3.1602410308,1602410755,background
did_v1_08DF493A-716F-43A8-8A94-35F4351051C3.1602410308,1602410785,background
did_v1_08DF493A-716F-43A8-8A94-35F4351051C3.1602410308,1602410815,background
did_v1_08DF493A-716F-43A8-8A94-35F4351051C3.1602410308,1602410845,background
did_v1_08DF493A-716F-43A8-8A94-35F4351051C3.1602410308,1602410875,background
did_v1_08DF493A-716F-43A8-8A94-35F4351051C3.1602410308,1602410887,background
did_v1_08DF493A-716F-43A8-8A94-35F4351051C3.1602410308,1602410922,background
did_v1_08DF493A-716F-43A8-8A94-35F4351051C3.1602410308,1602410952,background
did_v1_08DF493A-716F-43A8-8A94-35F4351051C3.1602410308,1602410982,background
did_v1_08DF493A-716F-43A8-8A94-35F4351051C3.1602410308,1602411012,background
did_v1_08DF493A-716F-43A8-8A94-35F4351051C3.1602410308,1602411042,background
did_v1_08DF493A-716F-43A8-8A94-35F4351051C3.1602410308,1602411072,background
did_v1_08DF493A-716F-43A8-8A94-35F4351051C3.1602410308,1602411085,background
did_v1_08DF493A-716F-43A8-8A94-35F4351051C3.1602456500,1602456501,foreground
did_v1_08DF493A-716F-43A8-8A94-35F4351051C3.1602456500,1602456502,foreground
did_v1_08DF493A-716F-43A8-8A94-35F4351051C3.1602456500,1602456503,foreground
did_v1_08DF493A-716F-43A8-8A94-35F4351051C3.1602456500,1602456506,foreground
did_v1_08DF493A-716F-43A8-8A94-35F4351051C3.1602456500,1602456507,foreground
did_v1_08DF493A-716F-43A8-8A94-35F4351051C3.1602456500,1602456508,foreground
did_v1_08DF493A-716F-43A8-8A94-35F4351051C3.1602456500,1602456509,foreground
did_v1_08DF493A-716F-43A8-8A94-35F4351051C3.1602456500,1602456542,background
did_v1_08DF493A-716F-43A8-8A94-35F4351051C3.1602456500,1602456572,background
did_v1_08DF493A-716F-43A8-8A94-35F4351051C3.1602456500,1602456602,background
did_v1_08DF493A-716F-43A8-8A94-35F4351051C3.1602456500,1602456632,background
did_v1_08DF493A-716F-43A8-8A94-35F4351051C3.1602456500,1602456662,background
did_v1_08DF493A-716F-43A8-8A94-35F4351051C3.1602456500,1602456692,background
did_v1_08DF493A-716F-43A8-8A94-35F4351051C3.1602456500,1602456720,background
did_v1_08DF493A-716F-43A8-8A94-35F4351051C3.1602456500,1602456755,background
did_v1_08DF493A-716F-43A8-8A94-35F4351051C3.1602456500,1602456785,background
did_v1_08DF493A-716F-43A8-8A94-35F4351051C3.1602456500,1602456815,background
did_v1_08DF493A-716F-43A8-8A94-35F4351051C3.1602456500,1602456845,background
did_v1_08DF493A-716F-43A8-8A94-35F4351051C3.1602456500,1602456875,background
did_v1_08DF493A-716F-43A8-8A94-35F4351051C3.1602456500,1602456905,background
did_v1_08DF493A-716F-43A8-8A94-35F4351051C3.1602456500,1602456935,background
did_v1_08DF493A-716F-43A8-8A94-35F4351051C3.1602456500,1602456965,background
did_v1_08DF493A-716F-43A8-8A94-35F4351051C3.1602456500,1602456982,background
did_v1_08DF493A-716F-43A8-8A94-35F4351051C3.1602456500,1602456995,background
did_v1_08DF493A-716F-43A8-8A94-35F4351051C3.1602456500,1602456997,background
did_v1_08DF493A-716F-43A8-8A94-35F4351051C3.1602456500,1602456998,background
did_v1_08DF493A-716F-43A8-8A94-35F4351051C3.1602484386,1602484387,foreground
did_v1_08DF493A-716F-43A8-8A94-35F4351051C3.1602484386,1602484388,foreground
did_v1_08DF493A-716F-43A8-8A94-35F4351051C3.1602484386,1602484392,foreground
did_v1_08DF493A-716F-43A8-8A94-35F4351051C3.1602484386,1602484393,foreground
did_v1_08DF493A-716F-43A8-8A94-35F4351051C3.1602484386,1602484398,foreground
did_v1_08DF493A-716F-43A8-8A94-35F4351051C3.1602484386,1602484399,foreground
did_v1_08DF493A-716F-43A8-8A94-35F4351051C3.1602484386,1602484400,foreground
did_v1_08DF493A-716F-43A8-8A94-35F4351051C3.1602484386,1602484433,background
did_v1_08DF493A-716F-43A8-8A94-35F4351051C3.1602484386,1602484463,background
did_v1_08DF493A-716F-43A8-8A94-35F4351051C3.1602484386,1602484493,background
did_v1_08DF493A-716F-43A8-8A94-35F4351051C3.1602484386,1602484523,background
did_v1_08DF493A-716F-43A8-8A94-35F4351051C3.1602484386,1602484553,background
did_v1_08DF493A-716F-43A8-8A94-35F4351051C3.1602484386,1602484583,background
did_v1_08DF493A-716F-43A8-8A94-35F4351051C3.1602484386,1602484606,foreground
did_v1_08DF493A-716F-43A8-8A94-35F4351051C3.1602484386,1602484611,foreground
did_v1_08DF493A-716F-43A8-8A94-35F4351051C3.1602484386,1602484612,foreground
did_v1_08DF493A-716F-43A8-8A94-35F4351051C3.1602484386,1602484613,foreground
did_v1_08DF493A-716F-43A8-8A94-35F4351051C3.1602484386,1602484615,background
did_v1_08DF493A-716F-43A8-8A94-35F4351051C3.1602484386,1602484652,background
did_v1_08DF493A-716F-43A8-8A94-35F4351051C3.1602484386,1602484682,background
did_v1_08DF493A-716F-43A8-8A94-35F4351051C3.1602484386,1602484725,background
did_v1_08DF493A-716F-43A8-8A94-35F4351051C3.1602484386,1602484726,background
did_v1_0956B02E-0A57-49DF-BBE3-1AC612AFD9D2.1602404463,1602404464,foreground
did_v1_0956B02E-0A57-49DF-BBE3-1AC612AFD9D2.1602404463,1602404465,foreground
did_v1_0956B02E-0A57-49DF-BBE3-1AC612AFD9D2.1602404463,1602404466,foreground
did_v1_0956B02E-0A57-49DF-BBE3-1AC612AFD9D2.1602404463,1602404467,foreground
did_v1_0956B02E-0A57-49DF-BBE3-1AC612AFD9D2.1602404463,1602404468,foreground
did_v1_0956B02E-0A57-49DF-BBE3-1AC612AFD9D2.1602404463,1602404469,foreground
did_v1_0956B02E-0A57-49DF-BBE3-1AC612AFD9D2.1602404463,1602404470,foreground
did_v1_09644009-8811-40D7-9C9B-E264A1F66EE6.1602480630,1602395161,background
did_v1_09644009-8811-40D7-9C9B-E264A1F66EE6.1602480630,1602395185,background
did_v1_09644009-8811-40D7-9C9B-E264A1F66EE6.1602480630,1602480631,foreground
did_v1_09644009-8811-40D7-9C9B-E264A1F66EE6.1602480630,1602480632,foreground
did_v1_09644009-8811-40D7-9C9B-E264A1F66EE6.1602480630,1602480634,foreground
did_v1_09644009-8811-40D7-9C9B-E264A1F66EE6.1602480630,1602480639,foreground
did_v1_09644009-8811-40D7-9C9B-E264A1F66EE6.1602480630,1602480641,foreground
did_v1_09644009-8811-40D7-9C9B-E264A1F66EE6.1602480630,1602480642,foreground
did_v1_09644009-8811-40D7-9C9B-E264A1F66EE6.1602480630,1602480644,foreground
did_v1_09644009-8811-40D7-9C9B-E264A1F66EE6.1602480630,1602480645,foreground
did_v1_09644009-8811-40D7-9C9B-E264A1F66EE6.1602480630,1602480646,foreground
did_v1_09644009-8811-40D7-9C9B-E264A1F66EE6.1602480630,1602480647,foreground
did_v1_09644009-8811-40D7-9C9B-E264A1F66EE6.1602480630,1602480648,foreground
did_v1_09644009-8811-40D7-9C9B-E264A1F66EE6.1602480630,1602480649,foreground
did_v1_09644009-8811-40D7-9C9B-E264A1F66EE6.1602480630,1602480650,foreground
did_v1_09644009-8811-40D7-9C9B-E264A1F66EE6.1602480630,1602480680,foreground
did_v1_09644009-8811-40D7-9C9B-E264A1F66EE6.1602480630,1602480708,foreground
did_v1_09644009-8811-40D7-9C9B-E264A1F66EE6.1602480630,1602480710,foreground
did_v1_09644009-8811-40D7-9C9B-E264A1F66EE6.1602480630,1602480714,background
did_v1_09644009-8811-40D7-9C9B-E264A1F66EE6.1602480630,1602480740,background
did_v1_09644009-8811-40D7-9C9B-E264A1F66EE6.1602480630,1602480770,background
did_v1_09644009-8811-40D7-9C9B-E264A1F66EE6.1602480630,1602480800,background
did_v1_09644009-8811-40D7-9C9B-E264A1F66EE6.1602480630,1602480802,background
did_v1_09644009-8811-40D7-9C9B-E264A1F66EE6.1602480630,1602480821,foreground
did_v1_09644009-8811-40D7-9C9B-E264A1F66EE6.1602480630,1602480822,foreground
did_v1_09644009-8811-40D7-9C9B-E264A1F66EE6.1602480630,1602480824,foreground
did_v1_09644009-8811-40D7-9C9B-E264A1F66EE6.1602480630,1602480828,foreground
did_v1_09644009-8811-40D7-9C9B-E264A1F66EE6.1602480630,1602480830,foreground
did_v1_09644009-8811-40D7-9C9B-E264A1F66EE6.1602480630,1602480831,foreground
did_v1_09644009-8811-40D7-9C9B-E264A1F66EE6.1602480630,1602480832,foreground
did_v1_09644009-8811-40D7-9C9B-E264A1F66EE6.1602480630,1602480834,foreground
did_v1_09644009-8811-40D7-9C9B-E264A1F66EE6.1602480630,1602480838,foreground
did_v1_09644009-8811-40D7-9C9B-E264A1F66EE6.1602480630,1602480839,foreground
did_v1_09644009-8811-40D7-9C9B-E264A1F66EE6.1602480630,1602480842,foreground
did_v1_09644009-8811-40D7-9C9B-E264A1F66EE6.1602480630,1602480843,foreground
did_v1_09644009-8811-40D7-9C9B-E264A1F66EE6.1602480630,1602480844,foreground
did_v1_09644009-8811-40D7-9C9B-E264A1F66EE6.1602480630,1602480846,background
did_v1_09644009-8811-40D7-9C9B-E264A1F66EE6.1602480630,1602480847,background
did_v1_09644009-8811-40D7-9C9B-E264A1F66EE6.1602480630,1602480877,background
did_v1_09644009-8811-40D7-9C9B-E264A1F66EE6.1602480630,1602480904,background
did_v1_09644009-8811-40D7-9C9B-E264A1F66EE6.1602480630,1602480907,background
did_v1_09644009-8811-40D7-9C9B-E264A1F66EE6.1602480630,1602480937,background
did_v1_09644009-8811-40D7-9C9B-E264A1F66EE6.1602480630,1602480967,background
did_v1_09644009-8811-40D7-9C9B-E264A1F66EE6.1602480630,1602480997,background
did_v1_09644009-8811-40D7-9C9B-E264A1F66EE6.1602480630,1602481027,background
did_v1_09644009-8811-40D7-9C9B-E264A1F66EE6.1602480630,1602481034,background
did_v1_09644009-8811-40D7-9C9B-E264A1F66EE6.1602480630,1602481035,background
did_v1_09644009-8811-40D7-9C9B-E264A1F66EE6.1602480630,1602481038,background
did_v1_09644009-8811-40D7-9C9B-E264A1F66EE6.1602480630,1602481053,background
did_v1_09644009-8811-40D7-9C9B-E264A1F66EE6.1602480630,1602481060,background
did_v1_09644009-8811-40D7-9C9B-E264A1F66EE6.1602480630,1602481061,background
did_v1_09644009-8811-40D7-9C9B-E264A1F66EE6.1602480630,1602481062,background
did_v1_09644009-8811-40D7-9C9B-E264A1F66EE6.1602480630,1602481063,background
did_v1_09644009-8811-40D7-9C9B-E264A1F66EE6.1602480630,1602481064,background
did_v1_09644009-8811-40D7-9C9B-E264A1F66EE6.1602480630,1602481066,background
did_v1_09644009-8811-40D7-9C9B-E264A1F66EE6.1602480630,1602481101,background
did_v1_09644009-8811-40D7-9C9B-E264A1F66EE6.1602480630,1602481131,background
did_v1_09644009-8811-40D7-9C9B-E264A1F66EE6.1602480630,1602481161,background
did_v1_09644009-8811-40D7-9C9B-E264A1F66EE6.1602480630,1602481191,background
did_v1_09644009-8811-40D7-9C9B-E264A1F66EE6.1602480630,1602481221,background
did_v1_09644009-8811-40D7-9C9B-E264A1F66EE6.1602480630,1602481251,background
did_v1_09644009-8811-40D7-9C9B-E264A1F66EE6.1602480630,1602481281,background
did_v1_09644009-8811-40D7-9C9B-E264A1F66EE6.1602480630,1602481311,background
did_v1_09644009-8811-40D7-9C9B-E264A1F66EE6.1602480630,1602481341,background
did_v1_09644009-8811-40D7-9C9B-E264A1F66EE6.1602480630,1602481357,background
did_v1_09644009-8811-40D7-9C9B-E264A1F66EE6.1602480630,1602481392,background
did_v1_09644009-8811-40D7-9C9B-E264A1F66EE6.1602480630,1602481422,background
did_v1_09644009-8811-40D7-9C9B-E264A1F66EE6.1602480630,1602481450,background
did_v1_09644009-8811-40D7-9C9B-E264A1F66EE6.1602480630,1602481451,background
did_v1_09644009-8811-40D7-9C9B-E264A1F66EE6.1602480630,1602481455,background
did_v1_09644009-8811-40D7-9C9B-E264A1F66EE6.1602480630,1602481456,background
did_v1_09644009-8811-40D7-9C9B-E264A1F66EE6.1602480630,1602481457,background
did_v1_09644009-8811-40D7-9C9B-E264A1F66EE6.1602480630,1602481458,background
did_v1_09644009-8811-40D7-9C9B-E264A1F66EE6.1602480630,1602481459,background
did_v1_09644009-8811-40D7-9C9B-E264A1F66EE6.1602480630,1602481460,background
did_v1_09644009-8811-40D7-9C9B-E264A1F66EE6.1602480630,1602481461,background
did_v1_09644009-8811-40D7-9C9B-E264A1F66EE6.1602480630,1602481462,background
did_v1_09644009-8811-40D7-9C9B-E264A1F66EE6.1602480630,1602481463,background
did_v1_09644009-8811-40D7-9C9B-E264A1F66EE6.1602480630,1602481464,background
did_v1_09644009-8811-40D7-9C9B-E264A1F66EE6.1602480630,1602481499,background
did_v1_09644009-8811-40D7-9C9B-E264A1F66EE6.1602480630,1602481529,background
did_v1_09644009-8811-40D7-9C9B-E264A1F66EE6.1602480630,1602481559,background
did_v1_09644009-8811-40D7-9C9B-E264A1F66EE6.1602480630,1602481589,background
did_v1_09644009-8811-40D7-9C9B-E264A1F66EE6.1602480630,1602481619,background
did_v1_09644009-8811-40D7-9C9B-E264A1F66EE6.1602480630,1602481638,background
did_v1_09644009-8811-40D7-9C9B-E264A1F66EE6.1602480630,1602481673,background
did_v1_09644009-8811-40D7-9C9B-E264A1F66EE6.1602480630,1602481703,background
did_v1_09644009-8811-40D7-9C9B-E264A1F66EE6.1602480630,1602481733,background
did_v1_09644009-8811-40D7-9C9B-E264A1F66EE6.1602480630,1602481763,background
did_v1_09644009-8811-40D7-9C9B-E264A1F66EE6.1602480630,1602481793,background
did_v1_09644009-8811-40D7-9C9B-E264A1F66EE6.1602480630,1602481823,background
did_v1_09644009-8811-40D7-9C9B-E264A1F66EE6.1602480630,1602481853,background
did_v1_09644009-8811-40D7-9C9B-E264A1F66EE6.1602480630,1602481862,background
did_v1_09644009-8811-40D7-9C9B-E264A1F66EE6.1602480630,1602481863,background
did_v1_09644009-8811-40D7-9C9B-E264A1F66EE6.1602480630,1602481864,background
did_v1_09644009-8811-40D7-9C9B-E264A1F66EE6.1602480630,1602481865,background
did_v1_09644009-8811-40D7-9C9B-E264A1F66EE6.1602480630,1602481866,background
did_v1_09644009-8811-40D7-9C9B-E264A1F66EE6.1602480630,1602481901,background
did_v1_09644009-8811-40D7-9C9B-E264A1F66EE6.1602480630,1602481931,background
did_v1_09644009-8811-40D7-9C9B-E264A1F66EE6.1602480630,1602481961,background
did_v1_09644009-8811-40D7-9C9B-E264A1F66EE6.1602480630,1602481996,background
did_v1_09644009-8811-40D7-9C9B-E264A1F66EE6.1602480630,1602482005,foreground
did_v1_09644009-8811-40D7-9C9B-E264A1F66EE6.1602480630,1602482006,foreground
did_v1_09644009-8811-40D7-9C9B-E264A1F66EE6.1602480630,1602482007,foreground
did_v1_09644009-8811-40D7-9C9B-E264A1F66EE6.1602480630,1602482008,foreground
did_v1_09644009-8811-40D7-9C9B-E264A1F66EE6.1602480630,1602482009,foreground
did_v1_09644009-8811-40D7-9C9B-E264A1F66EE6.1602480630,1602482070,background
did_v1_09644009-8811-40D7-9C9B-E264A1F66EE6.1602480630,1602482100,background
did_v1_09644009-8811-40D7-9C9B-E264A1F66EE6.1602480630,1602482130,background
did_v1_09644009-8811-40D7-9C9B-E264A1F66EE6.1602480630,1602482160,background
did_v1_09644009-8811-40D7-9C9B-E264A1F66EE6.1602480630,1602482183,background
did_v1_09644009-8811-40D7-9C9B-E264A1F66EE6.1602480630,1602482242,foreground
did_v1_09644009-8811-40D7-9C9B-E264A1F66EE6.1602480630,1602482244,foreground
did_v1_09644009-8811-40D7-9C9B-E264A1F66EE6.1602480630,1602482245,foreground
did_v1_09644009-8811-40D7-9C9B-E264A1F66EE6.1602480630,1602482247,foreground
did_v1_09644009-8811-40D7-9C9B-E264A1F66EE6.1602480630,1602482248,foreground
did_v1_09644009-8811-40D7-9C9B-E264A1F66EE6.1602480630,1602482250,foreground
did_v1_09644009-8811-40D7-9C9B-E264A1F66EE6.1602480630,1602482255,foreground
did_v1_09644009-8811-40D7-9C9B-E264A1F66EE6.1602480630,1602482258,foreground
did_v1_09644009-8811-40D7-9C9B-E264A1F66EE6.1602480630,1602482259,foreground
did_v1_09644009-8811-40D7-9C9B-E264A1F66EE6.1602480630,1602482262,foreground
did_v1_09644009-8811-40D7-9C9B-E264A1F66EE6.1602480630,1602482294,foreground
did_v1_09644009-8811-40D7-9C9B-E264A1F66EE6.1602480630,1602482305,foreground
did_v1_09644009-8811-40D7-9C9B-E264A1F66EE6.1602480630,1602482307,foreground
did_v1_09644009-8811-40D7-9C9B-E264A1F66EE6.1602480630,1602482308,foreground
did_v1_09644009-8811-40D7-9C9B-E264A1F66EE6.1602480630,1602482322,foreground
did_v1_09644009-8811-40D7-9C9B-E264A1F66EE6.1602480630,1602482324,foreground
did_v1_09644009-8811-40D7-9C9B-E264A1F66EE6.1602480630,1602482325,foreground
did_v1_09644009-8811-40D7-9C9B-E264A1F66EE6.1602480630,1602482335,foreground
did_v1_09644009-8811-40D7-9C9B-E264A1F66EE6.1602480630,1602482354,foreground
did_v1_09644009-8811-40D7-9C9B-E264A1F66EE6.1602480630,1602482414,foreground
did_v1_09644009-8811-40D7-9C9B-E264A1F66EE6.1602480630,1602482444,foreground
did_v1_09644009-8811-40D7-9C9B-E264A1F66EE6.1602480630,1602482474,foreground
did_v1_09644009-8811-40D7-9C9B-E264A1F66EE6.1602480630,1602482488,foreground
did_v1_09644009-8811-40D7-9C9B-E264A1F66EE6.1602480630,1602482489,foreground
did_v1_09644009-8811-40D7-9C9B-E264A1F66EE6.1602480630,1602482490,foreground
did_v1_09644009-8811-40D7-9C9B-E264A1F66EE6.1602480630,1602482497,foreground
did_v1_09644009-8811-40D7-9C9B-E264A1F66EE6.1602480630,1602482498,foreground
did_v1_09644009-8811-40D7-9C9B-E264A1F66EE6.1602480630,1602482499,foreground
did_v1_09644009-8811-40D7-9C9B-E264A1F66EE6.1602480630,1602482504,foreground
did_v1_09644009-8811-40D7-9C9B-E264A1F66EE6.1602480630,1602482505,foreground
did_v1_09644009-8811-40D7-9C9B-E264A1F66EE6.1602480630,1602483187,foreground
did_v1_09644009-8811-40D7-9C9B-E264A1F66EE6.1602480630,1602483188,foreground
did_v1_09644009-8811-40D7-9C9B-E264A1F66EE6.1602480630,1602483189,background
did_v1_09644009-8811-40D7-9C9B-E264A1F66EE6.1602480630,1602483192,background
did_v1_09644009-8811-40D7-9C9B-E264A1F66EE6.1602480630,1602483195,background
did_v1_09644009-8811-40D7-9C9B-E264A1F66EE6.1602480630,1602483196,background
did_v1_09644009-8811-40D7-9C9B-E264A1F66EE6.1602480630,1602483198,background
did_v1_09644009-8811-40D7-9C9B-E264A1F66EE6.1602480630,1602483199,background
did_v1_09644009-8811-40D7-9C9B-E264A1F66EE6.1602480630,1602483208,foreground